id,workspace_id,user_id,granted_by_user_id,name,permission_code,permission_type,active,applicable_principal_types
perm-admin-create,default-workspace,superadmin-001,superadmin-001,Admin: Create,admin:create,PERMISSION_TYPE_ALLOW,true,"{1,2}"
perm-admin-read,default-workspace,superadmin-001,superadmin-001,Admin: Read,admin:read,PERMISSION_TYPE_ALLOW,true,"{1,2}"
perm-admin-update,default-workspace,superadmin-001,superadmin-001,Admin: Update,admin:update,PERMISSION_TYPE_ALLOW,true,"{1,2}"
perm-admin-delete,default-workspace,superadmin-001,superadmin-001,Admin: Delete,admin:delete,PERMISSION_TYPE_ALLOW,true,"{1,2}"
perm-admin-list,default-workspace,superadmin-001,superadmin-001,Admin: List,admin:list,PERMISSION_TYPE_ALLOW,true,"{1,2}"
perm-client-create,default-workspace,superadmin-001,superadmin-001,Client: Create,client:create,PERMISSION_TYPE_ALLOW,true,"{1,2}"
perm-client-read,default-workspace,superadmin-001,superadmin-001,Client: Read,client:read,PERMISSION_TYPE_ALLOW,true,"{1,2}"
perm-client-update,default-workspace,superadmin-001,superadmin-001,Client: Update,client:update,PERMISSION_TYPE_ALLOW,true,"{1,2}"
perm-client-delete,default-workspace,superadmin-001,superadmin-001,Client: Delete,client:delete,PERMISSION_TYPE_ALLOW,true,"{1,2}"
perm-client-list,default-workspace,superadmin-001,superadmin-001,Client: List,client:list,PERMISSION_TYPE_ALLOW,true,"{1,2}"
perm-client_attribute-create,default-workspace,superadmin-001,superadmin-001,Client Attribute: Create,client_attribute:create,PERMISSION_TYPE_ALLOW,true,"{1,2}"
perm-client_attribute-read,default-workspace,superadmin-001,superadmin-001,Client Attribute: Read,client_attribute:read,PERMISSION_TYPE_ALLOW,true,"{1,2}"
perm-client_attribute-update,default-workspace,superadmin-001,superadmin-001,Client Attribute: Update,client_attribute:update,PERMISSION_TYPE_ALLOW,true,"{1,2}"
perm-client_attribute-delete,default-workspace,superadmin-001,superadmin-001,Client Attribute: Delete,client_attribute:delete,PERMISSION_TYPE_ALLOW,true,"{1,2}"
perm-client_attribute-list,default-workspace,superadmin-001,superadmin-001,Client Attribute: List,client_attribute:list,PERMISSION_TYPE_ALLOW,true,"{1,2}"
perm-delegate-create,default-workspace,superadmin-001,superadmin-001,Delegate: Create,delegate:create,PERMISSION_TYPE_ALLOW,true,"{1,2}"
perm-delegate-read,default-workspace,superadmin-001,superadmin-001,Delegate: Read,delegate:read,PERMISSION_TYPE_ALLOW,true,"{1,2}"
perm-delegate-update,default-workspace,superadmin-001,superadmin-001,Delegate: Update,delegate:update,PERMISSION_TYPE_ALLOW,true,"{1,2}"
perm-delegate-delete,default-workspace,superadmin-001,superadmin-001,Delegate: Delete,delegate:delete,PERMISSION_TYPE_ALLOW,true,"{1,2}"
perm-delegate-list,default-workspace,superadmin-001,superadmin-001,Delegate: List,delegate:list,PERMISSION_TYPE_ALLOW,true,"{1,2}"
perm-delegate_attribute-create,default-workspace,superadmin-001,superadmin-001,Delegate Attribute: Create,delegate_attribute:create,PERMISSION_TYPE_ALLOW,true,"{1,2}"
perm-delegate_attribute-read,default-workspace,superadmin-001,superadmin-001,Delegate Attribute: Read,delegate_attribute:read,PERMISSION_TYPE_ALLOW,true,"{1,2}"
perm-delegate_attribute-update,default-workspace,superadmin-001,superadmin-001,Delegate Attribute: Update,delegate_attribute:update,PERMISSION_TYPE_ALLOW,true,"{1,2}"
perm-delegate_attribute-delete,default-workspace,superadmin-001,superadmin-001,Delegate Attribute: Delete,delegate_attribute:delete,PERMISSION_TYPE_ALLOW,true,"{1,2}"
perm-delegate_attribute-list,default-workspace,superadmin-001,superadmin-001,Delegate Attribute: List,delegate_attribute:list,PERMISSION_TYPE_ALLOW,true,"{1,2}"
perm-delegate_client-create,default-workspace,superadmin-001,superadmin-001,Delegate Client: Create,delegate_client:create,PERMISSION_TYPE_ALLOW,true,"{1,2}"
perm-delegate_client-read,default-workspace,superadmin-001,superadmin-001,Delegate Client: Read,delegate_client:read,PERMISSION_TYPE_ALLOW,true,"{1,2}"
perm-delegate_client-update,default-workspace,superadmin-001,superadmin-001,Delegate Client: Update,delegate_client:update,PERMISSION_TYPE_ALLOW,true,"{1,2}"
perm-delegate_client-delete,default-workspace,superadmin-001,superadmin-001,Delegate Client: Delete,delegate_client:delete,PERMISSION_TYPE_ALLOW,true,"{1,2}"
perm-delegate_client-list,default-workspace,superadmin-001,superadmin-001,Delegate Client: List,delegate_client:list,PERMISSION_TYPE_ALLOW,true,"{1,2}"
perm-group-create,default-workspace,superadmin-001,superadmin-001,Group: Create,group:create,PERMISSION_TYPE_ALLOW,true,"{1,2}"
perm-group-read,default-workspace,superadmin-001,superadmin-001,Group: Read,group:read,PERMISSION_TYPE_ALLOW,true,"{1,2}"
perm-group-update,default-workspace,superadmin-001,superadmin-001,Group: Update,group:update,PERMISSION_TYPE_ALLOW,true,"{1,2}"
perm-group-delete,default-workspace,superadmin-001,superadmin-001,Group: Delete,group:delete,PERMISSION_TYPE_ALLOW,true,"{1,2}"
perm-group-list,default-workspace,superadmin-001,superadmin-001,Group: List,group:list,PERMISSION_TYPE_ALLOW,true,"{1,2}"
perm-group_attribute-create,default-workspace,superadmin-001,superadmin-001,Group Attribute: Create,group_attribute:create,PERMISSION_TYPE_ALLOW,true,"{1,2}"
perm-group_attribute-read,default-workspace,superadmin-001,superadmin-001,Group Attribute: Read,group_attribute:read,PERMISSION_TYPE_ALLOW,true,"{1,2}"
perm-group_attribute-update,default-workspace,superadmin-001,superadmin-001,Group Attribute: Update,group_attribute:update,PERMISSION_TYPE_ALLOW,true,"{1,2}"
perm-group_attribute-delete,default-workspace,superadmin-001,superadmin-001,Group Attribute: Delete,group_attribute:delete,PERMISSION_TYPE_ALLOW,true,"{1,2}"
perm-group_attribute-list,default-workspace,superadmin-001,superadmin-001,Group Attribute: List,group_attribute:list,PERMISSION_TYPE_ALLOW,true,"{1,2}"
perm-location-create,default-workspace,superadmin-001,superadmin-001,Location: Create,location:create,PERMISSION_TYPE_ALLOW,true,"{1,2}"
perm-location-read,default-workspace,superadmin-001,superadmin-001,Location: Read,location:read,PERMISSION_TYPE_ALLOW,true,"{1,2}"
perm-location-update,default-workspace,superadmin-001,superadmin-001,Location: Update,location:update,PERMISSION_TYPE_ALLOW,true,"{1,2}"
perm-location-delete,default-workspace,superadmin-001,superadmin-001,Location: Delete,location:delete,PERMISSION_TYPE_ALLOW,true,"{1,2}"
perm-location-list,default-workspace,superadmin-001,superadmin-001,Location: List,location:list,PERMISSION_TYPE_ALLOW,true,"{1,2}"
perm-location_attribute-create,default-workspace,superadmin-001,superadmin-001,Location Attribute: Create,location_attribute:create,PERMISSION_TYPE_ALLOW,true,"{1,2}"
perm-location_attribute-read,default-workspace,superadmin-001,superadmin-001,Location Attribute: Read,location_attribute:read,PERMISSION_TYPE_ALLOW,true,"{1,2}"
perm-location_attribute-update,default-workspace,superadmin-001,superadmin-001,Location Attribute: Update,location_attribute:update,PERMISSION_TYPE_ALLOW,true,"{1,2}"
perm-location_attribute-delete,default-workspace,superadmin-001,superadmin-001,Location Attribute: Delete,location_attribute:delete,PERMISSION_TYPE_ALLOW,true,"{1,2}"
perm-location_attribute-list,default-workspace,superadmin-001,superadmin-001,Location Attribute: List,location_attribute:list,PERMISSION_TYPE_ALLOW,true,"{1,2}"
perm-manager-create,default-workspace,superadmin-001,superadmin-001,Manager: Create,manager:create,PERMISSION_TYPE_ALLOW,true,"{1,2}"
perm-manager-read,default-workspace,superadmin-001,superadmin-001,Manager: Read,manager:read,PERMISSION_TYPE_ALLOW,true,"{1,2}"
perm-manager-update,default-workspace,superadmin-001,superadmin-001,Manager: Update,manager:update,PERMISSION_TYPE_ALLOW,true,"{1,2}"
perm-manager-delete,default-workspace,superadmin-001,superadmin-001,Manager: Delete,manager:delete,PERMISSION_TYPE_ALLOW,true,"{1,2}"
perm-manager-list,default-workspace,superadmin-001,superadmin-001,Manager: List,manager:list,PERMISSION_TYPE_ALLOW,true,"{1,2}"
perm-permission-create,default-workspace,superadmin-001,superadmin-001,Permission: Create,permission:create,PERMISSION_TYPE_ALLOW,true,"{1,2}"
perm-permission-read,default-workspace,superadmin-001,superadmin-001,Permission: Read,permission:read,PERMISSION_TYPE_ALLOW,true,"{1,2}"
perm-permission-update,default-workspace,superadmin-001,superadmin-001,Permission: Update,permission:update,PERMISSION_TYPE_ALLOW,true,"{1,2}"
perm-permission-delete,default-workspace,superadmin-001,superadmin-001,Permission: Delete,permission:delete,PERMISSION_TYPE_ALLOW,true,"{1,2}"
perm-permission-list,default-workspace,superadmin-001,superadmin-001,Permission: List,permission:list,PERMISSION_TYPE_ALLOW,true,"{1,2}"
perm-role-create,default-workspace,superadmin-001,superadmin-001,Role: Create,role:create,PERMISSION_TYPE_ALLOW,true,"{1,2}"
perm-role-read,default-workspace,superadmin-001,superadmin-001,Role: Read,role:read,PERMISSION_TYPE_ALLOW,true,"{1,2}"
perm-role-update,default-workspace,superadmin-001,superadmin-001,Role: Update,role:update,PERMISSION_TYPE_ALLOW,true,"{1,2}"
perm-role-delete,default-workspace,superadmin-001,superadmin-001,Role: Delete,role:delete,PERMISSION_TYPE_ALLOW,true,"{1,2}"
perm-role-list,default-workspace,superadmin-001,superadmin-001,Role: List,role:list,PERMISSION_TYPE_ALLOW,true,"{1,2}"
perm-staff-create,default-workspace,superadmin-001,superadmin-001,Staff: Create,staff:create,PERMISSION_TYPE_ALLOW,true,"{1,2}"
perm-staff-read,default-workspace,superadmin-001,superadmin-001,Staff: Read,staff:read,PERMISSION_TYPE_ALLOW,true,"{1,2}"
perm-staff-update,default-workspace,superadmin-001,superadmin-001,Staff: Update,staff:update,PERMISSION_TYPE_ALLOW,true,"{1,2}"
perm-staff-delete,default-workspace,superadmin-001,superadmin-001,Staff: Delete,staff:delete,PERMISSION_TYPE_ALLOW,true,"{1,2}"
perm-staff-list,default-workspace,superadmin-001,superadmin-001,Staff: List,staff:list,PERMISSION_TYPE_ALLOW,true,"{1,2}"
perm-staff_attribute-create,default-workspace,superadmin-001,superadmin-001,Staff Attribute: Create,staff_attribute:create,PERMISSION_TYPE_ALLOW,true,"{1,2}"
perm-staff_attribute-read,default-workspace,superadmin-001,superadmin-001,Staff Attribute: Read,staff_attribute:read,PERMISSION_TYPE_ALLOW,true,"{1,2}"
perm-staff_attribute-update,default-workspace,superadmin-001,superadmin-001,Staff Attribute: Update,staff_attribute:update,PERMISSION_TYPE_ALLOW,true,"{1,2}"
perm-staff_attribute-delete,default-workspace,superadmin-001,superadmin-001,Staff Attribute: Delete,staff_attribute:delete,PERMISSION_TYPE_ALLOW,true,"{1,2}"
perm-staff_attribute-list,default-workspace,superadmin-001,superadmin-001,Staff Attribute: List,staff_attribute:list,PERMISSION_TYPE_ALLOW,true,"{1,2}"
perm-user-create,default-workspace,superadmin-001,superadmin-001,User: Create,user:create,PERMISSION_TYPE_ALLOW,true,"{1,2}"
perm-user-read,default-workspace,superadmin-001,superadmin-001,User: Read,user:read,PERMISSION_TYPE_ALLOW,true,"{1,2}"
perm-user-update,default-workspace,superadmin-001,superadmin-001,User: Update,user:update,PERMISSION_TYPE_ALLOW,true,"{1,2}"
perm-user-delete,default-workspace,superadmin-001,superadmin-001,User: Delete,user:delete,PERMISSION_TYPE_ALLOW,true,"{1,2}"
perm-user-list,default-workspace,superadmin-001,superadmin-001,User: List,user:list,PERMISSION_TYPE_ALLOW,true,"{1,2}"
perm-user-disable,default-workspace,superadmin-001,superadmin-001,User: Disable,user:disable,PERMISSION_TYPE_ALLOW,true,"{1,2}"
perm-user-enable,default-workspace,superadmin-001,superadmin-001,User: Enable,user:enable,PERMISSION_TYPE_ALLOW,true,"{1,2}"
perm-user-reset-password,default-workspace,superadmin-001,superadmin-001,User: Reset Password,user:reset-password,PERMISSION_TYPE_ALLOW,true,"{1,2}"
perm-session-revoke,default-workspace,superadmin-001,superadmin-001,Session: Revoke,session:revoke,PERMISSION_TYPE_ALLOW,true,"{1,2}"
perm-workspace-create,default-workspace,superadmin-001,superadmin-001,Workspace: Create,workspace:create,PERMISSION_TYPE_ALLOW,true,"{1,2}"
perm-workspace-read,default-workspace,superadmin-001,superadmin-001,Workspace: Read,workspace:read,PERMISSION_TYPE_ALLOW,true,"{1,2}"
perm-workspace-update,default-workspace,superadmin-001,superadmin-001,Workspace: Update,workspace:update,PERMISSION_TYPE_ALLOW,true,"{1,2}"
perm-workspace-delete,default-workspace,superadmin-001,superadmin-001,Workspace: Delete,workspace:delete,PERMISSION_TYPE_ALLOW,true,"{1,2}"
perm-workspace-list,default-workspace,superadmin-001,superadmin-001,Workspace: List,workspace:list,PERMISSION_TYPE_ALLOW,true,"{1,2}"
perm-workspace_user-create,default-workspace,superadmin-001,superadmin-001,Workspace User: Create,workspace_user:create,PERMISSION_TYPE_ALLOW,true,"{1,2}"
perm-workspace_user-read,default-workspace,superadmin-001,superadmin-001,Workspace User: Read,workspace_user:read,PERMISSION_TYPE_ALLOW,true,"{1,2}"
perm-workspace_user-update,default-workspace,superadmin-001,superadmin-001,Workspace User: Update,workspace_user:update,PERMISSION_TYPE_ALLOW,true,"{1,2}"
perm-workspace_user-delete,default-workspace,superadmin-001,superadmin-001,Workspace User: Delete,workspace_user:delete,PERMISSION_TYPE_ALLOW,true,"{1,2}"
perm-workspace_user-list,default-workspace,superadmin-001,superadmin-001,Workspace User: List,workspace_user:list,PERMISSION_TYPE_ALLOW,true,"{1,2}"
perm-workspace_user_role-create,default-workspace,superadmin-001,superadmin-001,Workspace User Role: Create,workspace_user_role:create,PERMISSION_TYPE_ALLOW,true,"{1,2}"
perm-workspace_user_role-read,default-workspace,superadmin-001,superadmin-001,Workspace User Role: Read,workspace_user_role:read,PERMISSION_TYPE_ALLOW,true,"{1,2}"
perm-workspace_user_role-update,default-workspace,superadmin-001,superadmin-001,Workspace User Role: Update,workspace_user_role:update,PERMISSION_TYPE_ALLOW,true,"{1,2}"
perm-workspace_user_role-delete,default-workspace,superadmin-001,superadmin-001,Workspace User Role: Delete,workspace_user_role:delete,PERMISSION_TYPE_ALLOW,true,"{1,2}"
perm-workspace_user_role-list,default-workspace,superadmin-001,superadmin-001,Workspace User Role: List,workspace_user_role:list,PERMISSION_TYPE_ALLOW,true,"{1,2}"
perm-event-create,default-workspace,superadmin-001,superadmin-001,Event: Create,event:create,PERMISSION_TYPE_ALLOW,true,"{1,2}"
perm-event-read,default-workspace,superadmin-001,superadmin-001,Event: Read,event:read,PERMISSION_TYPE_ALLOW,true,"{1,2}"
perm-event-update,default-workspace,superadmin-001,superadmin-001,Event: Update,event:update,PERMISSION_TYPE_ALLOW,true,"{1,2}"
perm-event-delete,default-workspace,superadmin-001,superadmin-001,Event: Delete,event:delete,PERMISSION_TYPE_ALLOW,true,"{1,2}"
perm-event-list,default-workspace,superadmin-001,superadmin-001,Event: List,event:list,PERMISSION_TYPE_ALLOW,true,"{1,2}"
perm-event_attendee-create,default-workspace,superadmin-001,superadmin-001,Event Attendee: Create,event_attendee:create,PERMISSION_TYPE_ALLOW,true,"{1,2}"
perm-event_attendee-read,default-workspace,superadmin-001,superadmin-001,Event Attendee: Read,event_attendee:read,PERMISSION_TYPE_ALLOW,true,"{1,2}"
perm-event_attendee-update,default-workspace,superadmin-001,superadmin-001,Event Attendee: Update,event_attendee:update,PERMISSION_TYPE_ALLOW,true,"{1,2}"
perm-event_attendee-delete,default-workspace,superadmin-001,superadmin-001,Event Attendee: Delete,event_attendee:delete,PERMISSION_TYPE_ALLOW,true,"{1,2}"
perm-event_attendee-list,default-workspace,superadmin-001,superadmin-001,Event Attendee: List,event_attendee:list,PERMISSION_TYPE_ALLOW,true,"{1,2}"
perm-event_attribute-create,default-workspace,superadmin-001,superadmin-001,Event Attribute: Create,event_attribute:create,PERMISSION_TYPE_ALLOW,true,"{1,2}"
perm-event_attribute-read,default-workspace,superadmin-001,superadmin-001,Event Attribute: Read,event_attribute:read,PERMISSION_TYPE_ALLOW,true,"{1,2}"
perm-event_attribute-update,default-workspace,superadmin-001,superadmin-001,Event Attribute: Update,event_attribute:update,PERMISSION_TYPE_ALLOW,true,"{1,2}"
perm-event_attribute-delete,default-workspace,superadmin-001,superadmin-001,Event Attribute: Delete,event_attribute:delete,PERMISSION_TYPE_ALLOW,true,"{1,2}"
perm-event_attribute-list,default-workspace,superadmin-001,superadmin-001,Event Attribute: List,event_attribute:list,PERMISSION_TYPE_ALLOW,true,"{1,2}"
perm-event_client-create,default-workspace,superadmin-001,superadmin-001,Event Client: Create,event_client:create,PERMISSION_TYPE_ALLOW,true,"{1,2}"
perm-event_client-read,default-workspace,superadmin-001,superadmin-001,Event Client: Read,event_client:read,PERMISSION_TYPE_ALLOW,true,"{1,2}"
perm-event_client-update,default-workspace,superadmin-001,superadmin-001,Event Client: Update,event_client:update,PERMISSION_TYPE_ALLOW,true,"{1,2}"
perm-event_client-delete,default-workspace,superadmin-001,superadmin-001,Event Client: Delete,event_client:delete,PERMISSION_TYPE_ALLOW,true,"{1,2}"
perm-event_client-list,default-workspace,superadmin-001,superadmin-001,Event Client: List,event_client:list,PERMISSION_TYPE_ALLOW,true,"{1,2}"
perm-event_product-create,default-workspace,superadmin-001,superadmin-001,Event Product: Create,event_product:create,PERMISSION_TYPE_ALLOW,true,"{1,2}"
perm-event_product-read,default-workspace,superadmin-001,superadmin-001,Event Product: Read,event_product:read,PERMISSION_TYPE_ALLOW,true,"{1,2}"
perm-event_product-update,default-workspace,superadmin-001,superadmin-001,Event Product: Update,event_product:update,PERMISSION_TYPE_ALLOW,true,"{1,2}"
perm-event_product-delete,default-workspace,superadmin-001,superadmin-001,Event Product: Delete,event_product:delete,PERMISSION_TYPE_ALLOW,true,"{1,2}"
perm-event_product-list,default-workspace,superadmin-001,superadmin-001,Event Product: List,event_product:list,PERMISSION_TYPE_ALLOW,true,"{1,2}"
perm-event_recurrence-create,default-workspace,superadmin-001,superadmin-001,Event Recurrence: Create,event_recurrence:create,PERMISSION_TYPE_ALLOW,true,"{1,2}"
perm-event_recurrence-read,default-workspace,superadmin-001,superadmin-001,Event Recurrence: Read,event_recurrence:read,PERMISSION_TYPE_ALLOW,true,"{1,2}"
perm-event_recurrence-update,default-workspace,superadmin-001,superadmin-001,Event Recurrence: Update,event_recurrence:update,PERMISSION_TYPE_ALLOW,true,"{1,2}"
perm-event_recurrence-delete,default-workspace,superadmin-001,superadmin-001,Event Recurrence: Delete,event_recurrence:delete,PERMISSION_TYPE_ALLOW,true,"{1,2}"
perm-event_recurrence-list,default-workspace,superadmin-001,superadmin-001,Event Recurrence: List,event_recurrence:list,PERMISSION_TYPE_ALLOW,true,"{1,2}"
perm-event_resource-create,default-workspace,superadmin-001,superadmin-001,Event Resource: Create,event_resource:create,PERMISSION_TYPE_ALLOW,true,"{1,2}"
perm-event_resource-read,default-workspace,superadmin-001,superadmin-001,Event Resource: Read,event_resource:read,PERMISSION_TYPE_ALLOW,true,"{1,2}"
perm-event_resource-update,default-workspace,superadmin-001,superadmin-001,Event Resource: Update,event_resource:update,PERMISSION_TYPE_ALLOW,true,"{1,2}"
perm-event_resource-delete,default-workspace,superadmin-001,superadmin-001,Event Resource: Delete,event_resource:delete,PERMISSION_TYPE_ALLOW,true,"{1,2}"
perm-event_resource-list,default-workspace,superadmin-001,superadmin-001,Event Resource: List,event_resource:list,PERMISSION_TYPE_ALLOW,true,"{1,2}"
perm-framework-create,default-workspace,superadmin-001,superadmin-001,Framework: Create,framework:create,PERMISSION_TYPE_ALLOW,true,"{1,2}"
perm-framework-read,default-workspace,superadmin-001,superadmin-001,Framework: Read,framework:read,PERMISSION_TYPE_ALLOW,true,"{1,2}"
perm-framework-update,default-workspace,superadmin-001,superadmin-001,Framework: Update,framework:update,PERMISSION_TYPE_ALLOW,true,"{1,2}"
perm-framework-delete,default-workspace,superadmin-001,superadmin-001,Framework: Delete,framework:delete,PERMISSION_TYPE_ALLOW,true,"{1,2}"
perm-framework-list,default-workspace,superadmin-001,superadmin-001,Framework: List,framework:list,PERMISSION_TYPE_ALLOW,true,"{1,2}"
perm-objective-create,default-workspace,superadmin-001,superadmin-001,Objective: Create,objective:create,PERMISSION_TYPE_ALLOW,true,"{1,2}"
perm-objective-read,default-workspace,superadmin-001,superadmin-001,Objective: Read,objective:read,PERMISSION_TYPE_ALLOW,true,"{1,2}"
perm-objective-update,default-workspace,superadmin-001,superadmin-001,Objective: Update,objective:update,PERMISSION_TYPE_ALLOW,true,"{1,2}"
perm-objective-delete,default-workspace,superadmin-001,superadmin-001,Objective: Delete,objective:delete,PERMISSION_TYPE_ALLOW,true,"{1,2}"
perm-objective-list,default-workspace,superadmin-001,superadmin-001,Objective: List,objective:list,PERMISSION_TYPE_ALLOW,true,"{1,2}"
perm-task-create,default-workspace,superadmin-001,superadmin-001,Task: Create,task:create,PERMISSION_TYPE_ALLOW,true,"{1,2}"
perm-task-read,default-workspace,superadmin-001,superadmin-001,Task: Read,task:read,PERMISSION_TYPE_ALLOW,true,"{1,2}"
perm-task-update,default-workspace,superadmin-001,superadmin-001,Task: Update,task:update,PERMISSION_TYPE_ALLOW,true,"{1,2}"
perm-task-delete,default-workspace,superadmin-001,superadmin-001,Task: Delete,task:delete,PERMISSION_TYPE_ALLOW,true,"{1,2}"
perm-task-list,default-workspace,superadmin-001,superadmin-001,Task: List,task:list,PERMISSION_TYPE_ALLOW,true,"{1,2}"
perm-payment-create,default-workspace,superadmin-001,superadmin-001,Payment: Create,payment:create,PERMISSION_TYPE_ALLOW,true,"{1,2}"
perm-payment-read,default-workspace,superadmin-001,superadmin-001,Payment: Read,payment:read,PERMISSION_TYPE_ALLOW,true,"{1,2}"
perm-payment-update,default-workspace,superadmin-001,superadmin-001,Payment: Update,payment:update,PERMISSION_TYPE_ALLOW,true,"{1,2}"
perm-payment-delete,default-workspace,superadmin-001,superadmin-001,Payment: Delete,payment:delete,PERMISSION_TYPE_ALLOW,true,"{1,2}"
perm-payment-list,default-workspace,superadmin-001,superadmin-001,Payment: List,payment:list,PERMISSION_TYPE_ALLOW,true,"{1,2}"
perm-payment_method-create,default-workspace,superadmin-001,superadmin-001,Payment Method: Create,payment_method:create,PERMISSION_TYPE_ALLOW,true,"{1,2}"
perm-payment_method-read,default-workspace,superadmin-001,superadmin-001,Payment Method: Read,payment_method:read,PERMISSION_TYPE_ALLOW,true,"{1,2}"
perm-payment_method-update,default-workspace,superadmin-001,superadmin-001,Payment Method: Update,payment_method:update,PERMISSION_TYPE_ALLOW,true,"{1,2}"
perm-payment_method-delete,default-workspace,superadmin-001,superadmin-001,Payment Method: Delete,payment_method:delete,PERMISSION_TYPE_ALLOW,true,"{1,2}"
perm-payment_method-list,default-workspace,superadmin-001,superadmin-001,Payment Method: List,payment_method:list,PERMISSION_TYPE_ALLOW,true,"{1,2}"
perm-payment_profile-create,default-workspace,superadmin-001,superadmin-001,Payment Profile: Create,payment_profile:create,PERMISSION_TYPE_ALLOW,true,"{1,2}"
perm-payment_profile-read,default-workspace,superadmin-001,superadmin-001,Payment Profile: Read,payment_profile:read,PERMISSION_TYPE_ALLOW,true,"{1,2}"
perm-payment_profile-update,default-workspace,superadmin-001,superadmin-001,Payment Profile: Update,payment_profile:update,PERMISSION_TYPE_ALLOW,true,"{1,2}"
perm-payment_profile-delete,default-workspace,superadmin-001,superadmin-001,Payment Profile: Delete,payment_profile:delete,PERMISSION_TYPE_ALLOW,true,"{1,2}"
perm-payment_profile-list,default-workspace,superadmin-001,superadmin-001,Payment Profile: List,payment_profile:list,PERMISSION_TYPE_ALLOW,true,"{1,2}"
perm-payment_attribute-create,default-workspace,superadmin-001,superadmin-001,Payment Attribute: Create,payment_attribute:create,PERMISSION_TYPE_ALLOW,true,"{1,2}"
perm-payment_attribute-read,default-workspace,superadmin-001,superadmin-001,Payment Attribute: Read,payment_attribute:read,PERMISSION_TYPE_ALLOW,true,"{1,2}"
perm-payment_attribute-update,default-workspace,superadmin-001,superadmin-001,Payment Attribute: Update,payment_attribute:update,PERMISSION_TYPE_ALLOW,true,"{1,2}"
perm-payment_attribute-delete,default-workspace,superadmin-001,superadmin-001,Payment Attribute: Delete,payment_attribute:delete,PERMISSION_TYPE_ALLOW,true,"{1,2}"
perm-payment_attribute-list,default-workspace,superadmin-001,superadmin-001,Payment Attribute: List,payment_attribute:list,PERMISSION_TYPE_ALLOW,true,"{1,2}"
perm-payment_term-create,default-workspace,superadmin-001,superadmin-001,Payment Term: Create,payment_term:create,PERMISSION_TYPE_ALLOW,true,"{1,2}"
perm-payment_term-read,default-workspace,superadmin-001,superadmin-001,Payment Term: Read,payment_term:read,PERMISSION_TYPE_ALLOW,true,"{1,2}"
perm-payment_term-update,default-workspace,superadmin-001,superadmin-001,Payment Term: Update,payment_term:update,PERMISSION_TYPE_ALLOW,true,"{1,2}"
perm-payment_term-delete,default-workspace,superadmin-001,superadmin-001,Payment Term: Delete,payment_term:delete,PERMISSION_TYPE_ALLOW,true,"{1,2}"
perm-payment_term-list,default-workspace,superadmin-001,superadmin-001,Payment Term: List,payment_term:list,PERMISSION_TYPE_ALLOW,true,"{1,2}"
perm-expenditure-create,default-workspace,superadmin-001,superadmin-001,Expenditure: Create,expenditure:create,PERMISSION_TYPE_ALLOW,true,"{1,2}"
perm-expenditure-read,default-workspace,superadmin-001,superadmin-001,Expenditure: Read,expenditure:read,PERMISSION_TYPE_ALLOW,true,"{1,2}"
perm-expenditure-update,default-workspace,superadmin-001,superadmin-001,Expenditure: Update,expenditure:update,PERMISSION_TYPE_ALLOW,true,"{1,2}"
perm-expenditure-delete,default-workspace,superadmin-001,superadmin-001,Expenditure: Delete,expenditure:delete,PERMISSION_TYPE_ALLOW,true,"{1,2}"
perm-expenditure-list,default-workspace,superadmin-001,superadmin-001,Expenditure: List,expenditure:list,PERMISSION_TYPE_ALLOW,true,"{1,2,5,6}"
perm-expenditure_attribute-create,default-workspace,superadmin-001,superadmin-001,Expenditure Attribute: Create,expenditure_attribute:create,PERMISSION_TYPE_ALLOW,true,"{1,2}"
perm-expenditure_attribute-read,default-workspace,superadmin-001,superadmin-001,Expenditure Attribute: Read,expenditure_attribute:read,PERMISSION_TYPE_ALLOW,true,"{1,2}"
perm-expenditure_attribute-update,default-workspace,superadmin-001,superadmin-001,Expenditure Attribute: Update,expenditure_attribute:update,PERMISSION_TYPE_ALLOW,true,"{1,2}"
perm-expenditure_attribute-delete,default-workspace,superadmin-001,superadmin-001,Expenditure Attribute: Delete,expenditure_attribute:delete,PERMISSION_TYPE_ALLOW,true,"{1,2}"
perm-expenditure_attribute-list,default-workspace,superadmin-001,superadmin-001,Expenditure Attribute: List,expenditure_attribute:list,PERMISSION_TYPE_ALLOW,true,"{1,2}"
perm-expenditure_line_item-create,default-workspace,superadmin-001,superadmin-001,Expenditure Line Item: Create,expenditure_line_item:create,PERMISSION_TYPE_ALLOW,true,"{1,2}"
perm-expenditure_line_item-read,default-workspace,superadmin-001,superadmin-001,Expenditure Line Item: Read,expenditure_line_item:read,PERMISSION_TYPE_ALLOW,true,"{1,2}"
perm-expenditure_line_item-update,default-workspace,superadmin-001,superadmin-001,Expenditure Line Item: Update,expenditure_line_item:update,PERMISSION_TYPE_ALLOW,true,"{1,2}"
perm-expenditure_line_item-delete,default-workspace,superadmin-001,superadmin-001,Expenditure Line Item: Delete,expenditure_line_item:delete,PERMISSION_TYPE_ALLOW,true,"{1,2}"
perm-expenditure_line_item-list,default-workspace,superadmin-001,superadmin-001,Expenditure Line Item: List,expenditure_line_item:list,PERMISSION_TYPE_ALLOW,true,"{1,2}"
perm-expenditure_category-create,default-workspace,superadmin-001,superadmin-001,Expenditure Category: Create,expenditure_category:create,PERMISSION_TYPE_ALLOW,true,"{1,2}"
perm-expenditure_category-read,default-workspace,superadmin-001,superadmin-001,Expenditure Category: Read,expenditure_category:read,PERMISSION_TYPE_ALLOW,true,"{1,2}"
perm-expenditure_category-update,default-workspace,superadmin-001,superadmin-001,Expenditure Category: Update,expenditure_category:update,PERMISSION_TYPE_ALLOW,true,"{1,2}"
perm-expenditure_category-delete,default-workspace,superadmin-001,superadmin-001,Expenditure Category: Delete,expenditure_category:delete,PERMISSION_TYPE_ALLOW,true,"{1,2}"
perm-expenditure_category-list,default-workspace,superadmin-001,superadmin-001,Expenditure Category: List,expenditure_category:list,PERMISSION_TYPE_ALLOW,true,"{1,2}"
perm-inventory_item-create,default-workspace,superadmin-001,superadmin-001,Inventory Item: Create,inventory_item:create,PERMISSION_TYPE_ALLOW,true,"{1,2}"
perm-inventory_item-read,default-workspace,superadmin-001,superadmin-001,Inventory Item: Read,inventory_item:read,PERMISSION_TYPE_ALLOW,true,"{1,2}"
perm-inventory_item-update,default-workspace,superadmin-001,superadmin-001,Inventory Item: Update,inventory_item:update,PERMISSION_TYPE_ALLOW,true,"{1,2}"
perm-inventory_item-delete,default-workspace,superadmin-001,superadmin-001,Inventory Item: Delete,inventory_item:delete,PERMISSION_TYPE_ALLOW,true,"{1,2}"
perm-inventory_item-list,default-workspace,superadmin-001,superadmin-001,Inventory Item: List,inventory_item:list,PERMISSION_TYPE_ALLOW,true,"{1,2}"
perm-inventory_serial-create,default-workspace,superadmin-001,superadmin-001,Inventory Serial: Create,inventory_serial:create,PERMISSION_TYPE_ALLOW,true,"{1,2}"
perm-inventory_serial-read,default-workspace,superadmin-001,superadmin-001,Inventory Serial: Read,inventory_serial:read,PERMISSION_TYPE_ALLOW,true,"{1,2}"
perm-inventory_serial-update,default-workspace,superadmin-001,superadmin-001,Inventory Serial: Update,inventory_serial:update,PERMISSION_TYPE_ALLOW,true,"{1,2}"
perm-inventory_serial-delete,default-workspace,superadmin-001,superadmin-001,Inventory Serial: Delete,inventory_serial:delete,PERMISSION_TYPE_ALLOW,true,"{1,2}"
perm-inventory_serial-list,default-workspace,superadmin-001,superadmin-001,Inventory Serial: List,inventory_serial:list,PERMISSION_TYPE_ALLOW,true,"{1,2}"
perm-inventory_transaction-create,default-workspace,superadmin-001,superadmin-001,Inventory Transaction: Create,inventory_transaction:create,PERMISSION_TYPE_ALLOW,true,"{1,2}"
perm-inventory_transaction-read,default-workspace,superadmin-001,superadmin-001,Inventory Transaction: Read,inventory_transaction:read,PERMISSION_TYPE_ALLOW,true,"{1,2}"
perm-inventory_transaction-update,default-workspace,superadmin-001,superadmin-001,Inventory Transaction: Update,inventory_transaction:update,PERMISSION_TYPE_ALLOW,true,"{1,2}"
perm-inventory_transaction-delete,default-workspace,superadmin-001,superadmin-001,Inventory Transaction: Delete,inventory_transaction:delete,PERMISSION_TYPE_ALLOW,true,"{1,2}"
perm-inventory_transaction-list,default-workspace,superadmin-001,superadmin-001,Inventory Transaction: List,inventory_transaction:list,PERMISSION_TYPE_ALLOW,true,"{1,2}"
perm-inventory_attribute-create,default-workspace,superadmin-001,superadmin-001,Inventory Attribute: Create,inventory_attribute:create,PERMISSION_TYPE_ALLOW,true,"{1,2}"
perm-inventory_attribute-read,default-workspace,superadmin-001,superadmin-001,Inventory Attribute: Read,inventory_attribute:read,PERMISSION_TYPE_ALLOW,true,"{1,2}"
perm-inventory_attribute-update,default-workspace,superadmin-001,superadmin-001,Inventory Attribute: Update,inventory_attribute:update,PERMISSION_TYPE_ALLOW,true,"{1,2}"
perm-inventory_attribute-delete,default-workspace,superadmin-001,superadmin-001,Inventory Attribute: Delete,inventory_attribute:delete,PERMISSION_TYPE_ALLOW,true,"{1,2}"
perm-inventory_attribute-list,default-workspace,superadmin-001,superadmin-001,Inventory Attribute: List,inventory_attribute:list,PERMISSION_TYPE_ALLOW,true,"{1,2}"
perm-inventory_depreciation-create,default-workspace,superadmin-001,superadmin-001,Inventory Depreciation: Create,inventory_depreciation:create,PERMISSION_TYPE_ALLOW,true,"{1,2}"
perm-inventory_depreciation-read,default-workspace,superadmin-001,superadmin-001,Inventory Depreciation: Read,inventory_depreciation:read,PERMISSION_TYPE_ALLOW,true,"{1,2}"
perm-inventory_depreciation-update,default-workspace,superadmin-001,superadmin-001,Inventory Depreciation: Update,inventory_depreciation:update,PERMISSION_TYPE_ALLOW,true,"{1,2}"
perm-inventory_depreciation-delete,default-workspace,superadmin-001,superadmin-001,Inventory Depreciation: Delete,inventory_depreciation:delete,PERMISSION_TYPE_ALLOW,true,"{1,2}"
perm-inventory_depreciation-list,default-workspace,superadmin-001,superadmin-001,Inventory Depreciation: List,inventory_depreciation:list,PERMISSION_TYPE_ALLOW,true,"{1,2}"
perm-inventory_serial_history-create,default-workspace,superadmin-001,superadmin-001,Inventory Serial History: Create,inventory_serial_history:create,PERMISSION_TYPE_ALLOW,true,"{1,2}"
perm-inventory_serial_history-read,default-workspace,superadmin-001,superadmin-001,Inventory Serial History: Read,inventory_serial_history:read,PERMISSION_TYPE_ALLOW,true,"{1,2}"
perm-inventory_serial_history-update,default-workspace,superadmin-001,superadmin-001,Inventory Serial History: Update,inventory_serial_history:update,PERMISSION_TYPE_ALLOW,true,"{1,2}"
perm-inventory_serial_history-delete,default-workspace,superadmin-001,superadmin-001,Inventory Serial History: Delete,inventory_serial_history:delete,PERMISSION_TYPE_ALLOW,true,"{1,2}"
perm-inventory_serial_history-list,default-workspace,superadmin-001,superadmin-001,Inventory Serial History: List,inventory_serial_history:list,PERMISSION_TYPE_ALLOW,true,"{1,2}"
perm-collection-create,default-workspace,superadmin-001,superadmin-001,Collection: Create,collection:create,PERMISSION_TYPE_ALLOW,true,"{1,2}"
perm-collection-read,default-workspace,superadmin-001,superadmin-001,Collection: Read,collection:read,PERMISSION_TYPE_ALLOW,true,"{1,2}"
perm-collection-update,default-workspace,superadmin-001,superadmin-001,Collection: Update,collection:update,PERMISSION_TYPE_ALLOW,true,"{1,2}"
perm-collection-delete,default-workspace,superadmin-001,superadmin-001,Collection: Delete,collection:delete,PERMISSION_TYPE_ALLOW,true,"{1,2}"
perm-collection-list,default-workspace,superadmin-001,superadmin-001,Collection: List,collection:list,PERMISSION_TYPE_ALLOW,true,"{1,2,3,4}"
perm-collection_attribute-create,default-workspace,superadmin-001,superadmin-001,Collection Attribute: Create,collection_attribute:create,PERMISSION_TYPE_ALLOW,true,"{1,2}"
perm-collection_attribute-read,default-workspace,superadmin-001,superadmin-001,Collection Attribute: Read,collection_attribute:read,PERMISSION_TYPE_ALLOW,true,"{1,2}"
perm-collection_attribute-update,default-workspace,superadmin-001,superadmin-001,Collection Attribute: Update,collection_attribute:update,PERMISSION_TYPE_ALLOW,true,"{1,2}"
perm-collection_attribute-delete,default-workspace,superadmin-001,superadmin-001,Collection Attribute: Delete,collection_attribute:delete,PERMISSION_TYPE_ALLOW,true,"{1,2}"
perm-collection_attribute-list,default-workspace,superadmin-001,superadmin-001,Collection Attribute: List,collection_attribute:list,PERMISSION_TYPE_ALLOW,true,"{1,2}"
perm-collection_plan-create,default-workspace,superadmin-001,superadmin-001,Collection Plan: Create,collection_plan:create,PERMISSION_TYPE_ALLOW,true,"{1,2}"
perm-collection_plan-read,default-workspace,superadmin-001,superadmin-001,Collection Plan: Read,collection_plan:read,PERMISSION_TYPE_ALLOW,true,"{1,2}"
perm-collection_plan-update,default-workspace,superadmin-001,superadmin-001,Collection Plan: Update,collection_plan:update,PERMISSION_TYPE_ALLOW,true,"{1,2}"
perm-collection_plan-delete,default-workspace,superadmin-001,superadmin-001,Collection Plan: Delete,collection_plan:delete,PERMISSION_TYPE_ALLOW,true,"{1,2}"
perm-collection_plan-list,default-workspace,superadmin-001,superadmin-001,Collection Plan: List,collection_plan:list,PERMISSION_TYPE_ALLOW,true,"{1,2}"
perm-price_list-create,default-workspace,superadmin-001,superadmin-001,Price List: Create,price_list:create,PERMISSION_TYPE_ALLOW,true,"{1,2}"
perm-price_list-read,default-workspace,superadmin-001,superadmin-001,Price List: Read,price_list:read,PERMISSION_TYPE_ALLOW,true,"{1,2}"
perm-price_list-update,default-workspace,superadmin-001,superadmin-001,Price List: Update,price_list:update,PERMISSION_TYPE_ALLOW,true,"{1,2}"
perm-price_list-delete,default-workspace,superadmin-001,superadmin-001,Price List: Delete,price_list:delete,PERMISSION_TYPE_ALLOW,true,"{1,2}"
perm-price_list-list,default-workspace,superadmin-001,superadmin-001,Price List: List,price_list:list,PERMISSION_TYPE_ALLOW,true,"{1,2}"
perm-price_product-create,default-workspace,superadmin-001,superadmin-001,Price Product: Create,price_product:create,PERMISSION_TYPE_ALLOW,true,"{1,2}"
perm-price_product-read,default-workspace,superadmin-001,superadmin-001,Price Product: Read,price_product:read,PERMISSION_TYPE_ALLOW,true,"{1,2}"
perm-price_product-update,default-workspace,superadmin-001,superadmin-001,Price Product: Update,price_product:update,PERMISSION_TYPE_ALLOW,true,"{1,2}"
perm-price_product-delete,default-workspace,superadmin-001,superadmin-001,Price Product: Delete,price_product:delete,PERMISSION_TYPE_ALLOW,true,"{1,2}"
perm-price_product-list,default-workspace,superadmin-001,superadmin-001,Price Product: List,price_product:list,PERMISSION_TYPE_ALLOW,true,"{1,2}"
perm-product-create,default-workspace,superadmin-001,superadmin-001,Product: Create,product:create,PERMISSION_TYPE_ALLOW,true,"{1,2}"
perm-product-read,default-workspace,superadmin-001,superadmin-001,Product: Read,product:read,PERMISSION_TYPE_ALLOW,true,"{1,2}"
perm-product-update,default-workspace,superadmin-001,superadmin-001,Product: Update,product:update,PERMISSION_TYPE_ALLOW,true,"{1,2}"
perm-product-delete,default-workspace,superadmin-001,superadmin-001,Product: Delete,product:delete,PERMISSION_TYPE_ALLOW,true,"{1,2}"
perm-product-list,default-workspace,superadmin-001,superadmin-001,Product: List,product:list,PERMISSION_TYPE_ALLOW,true,"{1,2}"
perm-product_attribute-create,default-workspace,superadmin-001,superadmin-001,Product Attribute: Create,product_attribute:create,PERMISSION_TYPE_ALLOW,true,"{1,2}"
perm-product_attribute-read,default-workspace,superadmin-001,superadmin-001,Product Attribute: Read,product_attribute:read,PERMISSION_TYPE_ALLOW,true,"{1,2}"
perm-product_attribute-update,default-workspace,superadmin-001,superadmin-001,Product Attribute: Update,product_attribute:update,PERMISSION_TYPE_ALLOW,true,"{1,2}"
perm-product_attribute-delete,default-workspace,superadmin-001,superadmin-001,Product Attribute: Delete,product_attribute:delete,PERMISSION_TYPE_ALLOW,true,"{1,2}"
perm-product_attribute-list,default-workspace,superadmin-001,superadmin-001,Product Attribute: List,product_attribute:list,PERMISSION_TYPE_ALLOW,true,"{1,2}"
perm-product_collection-create,default-workspace,superadmin-001,superadmin-001,Product Collection: Create,product_collection:create,PERMISSION_TYPE_ALLOW,true,"{1,2}"
perm-product_collection-read,default-workspace,superadmin-001,superadmin-001,Product Collection: Read,product_collection:read,PERMISSION_TYPE_ALLOW,true,"{1,2}"
perm-product_collection-update,default-workspace,superadmin-001,superadmin-001,Product Collection: Update,product_collection:update,PERMISSION_TYPE_ALLOW,true,"{1,2}"
perm-product_collection-delete,default-workspace,superadmin-001,superadmin-001,Product Collection: Delete,product_collection:delete,PERMISSION_TYPE_ALLOW,true,"{1,2}"
perm-product_collection-list,default-workspace,superadmin-001,superadmin-001,Product Collection: List,product_collection:list,PERMISSION_TYPE_ALLOW,true,"{1,2}"
perm-product_option-create,default-workspace,superadmin-001,superadmin-001,Product Option: Create,product_option:create,PERMISSION_TYPE_ALLOW,true,"{1,2}"
perm-product_option-read,default-workspace,superadmin-001,superadmin-001,Product Option: Read,product_option:read,PERMISSION_TYPE_ALLOW,true,"{1,2}"
perm-product_option-update,default-workspace,superadmin-001,superadmin-001,Product Option: Update,product_option:update,PERMISSION_TYPE_ALLOW,true,"{1,2}"
perm-product_option-delete,default-workspace,superadmin-001,superadmin-001,Product Option: Delete,product_option:delete,PERMISSION_TYPE_ALLOW,true,"{1,2}"
perm-product_option-list,default-workspace,superadmin-001,superadmin-001,Product Option: List,product_option:list,PERMISSION_TYPE_ALLOW,true,"{1,2}"
perm-product_option_value-create,default-workspace,superadmin-001,superadmin-001,Product Option Value: Create,product_option_value:create,PERMISSION_TYPE_ALLOW,true,"{1,2}"
perm-product_option_value-read,default-workspace,superadmin-001,superadmin-001,Product Option Value: Read,product_option_value:read,PERMISSION_TYPE_ALLOW,true,"{1,2}"
perm-product_option_value-update,default-workspace,superadmin-001,superadmin-001,Product Option Value: Update,product_option_value:update,PERMISSION_TYPE_ALLOW,true,"{1,2}"
perm-product_option_value-delete,default-workspace,superadmin-001,superadmin-001,Product Option Value: Delete,product_option_value:delete,PERMISSION_TYPE_ALLOW,true,"{1,2}"
perm-product_option_value-list,default-workspace,superadmin-001,superadmin-001,Product Option Value: List,product_option_value:list,PERMISSION_TYPE_ALLOW,true,"{1,2}"
perm-product_plan-create,default-workspace,superadmin-001,superadmin-001,Product Plan: Create,product_plan:create,PERMISSION_TYPE_ALLOW,true,"{1,2}"
perm-product_plan-read,default-workspace,superadmin-001,superadmin-001,Product Plan: Read,product_plan:read,PERMISSION_TYPE_ALLOW,true,"{1,2}"
perm-product_plan-update,default-workspace,superadmin-001,superadmin-001,Product Plan: Update,product_plan:update,PERMISSION_TYPE_ALLOW,true,"{1,2}"
perm-product_plan-delete,default-workspace,superadmin-001,superadmin-001,Product Plan: Delete,product_plan:delete,PERMISSION_TYPE_ALLOW,true,"{1,2}"
perm-product_plan-list,default-workspace,superadmin-001,superadmin-001,Product Plan: List,product_plan:list,PERMISSION_TYPE_ALLOW,true,"{1,2}"
perm-product_variant-create,default-workspace,superadmin-001,superadmin-001,Product Variant: Create,product_variant:create,PERMISSION_TYPE_ALLOW,true,"{1,2}"
perm-product_variant-read,default-workspace,superadmin-001,superadmin-001,Product Variant: Read,product_variant:read,PERMISSION_TYPE_ALLOW,true,"{1,2}"
perm-product_variant-update,default-workspace,superadmin-001,superadmin-001,Product Variant: Update,product_variant:update,PERMISSION_TYPE_ALLOW,true,"{1,2}"
perm-product_variant-delete,default-workspace,superadmin-001,superadmin-001,Product Variant: Delete,product_variant:delete,PERMISSION_TYPE_ALLOW,true,"{1,2}"
perm-product_variant-list,default-workspace,superadmin-001,superadmin-001,Product Variant: List,product_variant:list,PERMISSION_TYPE_ALLOW,true,"{1,2}"
perm-product_variant_image-create,default-workspace,superadmin-001,superadmin-001,Product Variant Image: Create,product_variant_image:create,PERMISSION_TYPE_ALLOW,true,"{1,2}"
perm-product_variant_image-read,default-workspace,superadmin-001,superadmin-001,Product Variant Image: Read,product_variant_image:read,PERMISSION_TYPE_ALLOW,true,"{1,2}"
perm-product_variant_image-update,default-workspace,superadmin-001,superadmin-001,Product Variant Image: Update,product_variant_image:update,PERMISSION_TYPE_ALLOW,true,"{1,2}"
perm-product_variant_image-delete,default-workspace,superadmin-001,superadmin-001,Product Variant Image: Delete,product_variant_image:delete,PERMISSION_TYPE_ALLOW,true,"{1,2}"
perm-product_variant_image-list,default-workspace,superadmin-001,superadmin-001,Product Variant Image: List,product_variant_image:list,PERMISSION_TYPE_ALLOW,true,"{1,2}"
perm-product_variant_option-create,default-workspace,superadmin-001,superadmin-001,Product Variant Option: Create,product_variant_option:create,PERMISSION_TYPE_ALLOW,true,"{1,2}"
perm-product_variant_option-read,default-workspace,superadmin-001,superadmin-001,Product Variant Option: Read,product_variant_option:read,PERMISSION_TYPE_ALLOW,true,"{1,2}"
perm-product_variant_option-update,default-workspace,superadmin-001,superadmin-001,Product Variant Option: Update,product_variant_option:update,PERMISSION_TYPE_ALLOW,true,"{1,2}"
perm-product_variant_option-delete,default-workspace,superadmin-001,superadmin-001,Product Variant Option: Delete,product_variant_option:delete,PERMISSION_TYPE_ALLOW,true,"{1,2}"
perm-product_variant_option-list,default-workspace,superadmin-001,superadmin-001,Product Variant Option: List,product_variant_option:list,PERMISSION_TYPE_ALLOW,true,"{1,2}"
perm-resource-create,default-workspace,superadmin-001,superadmin-001,Resource: Create,resource:create,PERMISSION_TYPE_ALLOW,true,"{1,2}"
perm-resource-read,default-workspace,superadmin-001,superadmin-001,Resource: Read,resource:read,PERMISSION_TYPE_ALLOW,true,"{1,2}"
perm-resource-update,default-workspace,superadmin-001,superadmin-001,Resource: Update,resource:update,PERMISSION_TYPE_ALLOW,true,"{1,2}"
perm-resource-delete,default-workspace,superadmin-001,superadmin-001,Resource: Delete,resource:delete,PERMISSION_TYPE_ALLOW,true,"{1,2}"
perm-resource-list,default-workspace,superadmin-001,superadmin-001,Resource: List,resource:list,PERMISSION_TYPE_ALLOW,true,"{1,2}"
perm-record-create,default-workspace,superadmin-001,superadmin-001,Record: Create,record:create,PERMISSION_TYPE_ALLOW,true,"{1,2}"
perm-record-read,default-workspace,superadmin-001,superadmin-001,Record: Read,record:read,PERMISSION_TYPE_ALLOW,true,"{1,2}"
perm-record-update,default-workspace,superadmin-001,superadmin-001,Record: Update,record:update,PERMISSION_TYPE_ALLOW,true,"{1,2}"
perm-record-delete,default-workspace,superadmin-001,superadmin-001,Record: Delete,record:delete,PERMISSION_TYPE_ALLOW,true,"{1,2}"
perm-record-list,default-workspace,superadmin-001,superadmin-001,Record: List,record:list,PERMISSION_TYPE_ALLOW,true,"{1,2}"
perm-balance-create,default-workspace,superadmin-001,superadmin-001,Balance: Create,balance:create,PERMISSION_TYPE_ALLOW,true,"{1,2}"
perm-balance-read,default-workspace,superadmin-001,superadmin-001,Balance: Read,balance:read,PERMISSION_TYPE_ALLOW,true,"{1,2}"
perm-balance-update,default-workspace,superadmin-001,superadmin-001,Balance: Update,balance:update,PERMISSION_TYPE_ALLOW,true,"{1,2}"
perm-balance-delete,default-workspace,superadmin-001,superadmin-001,Balance: Delete,balance:delete,PERMISSION_TYPE_ALLOW,true,"{1,2}"
perm-balance-list,default-workspace,superadmin-001,superadmin-001,Balance: List,balance:list,PERMISSION_TYPE_ALLOW,true,"{1,2}"
perm-balance_attribute-create,default-workspace,superadmin-001,superadmin-001,Balance Attribute: Create,balance_attribute:create,PERMISSION_TYPE_ALLOW,true,"{1,2}"
perm-balance_attribute-read,default-workspace,superadmin-001,superadmin-001,Balance Attribute: Read,balance_attribute:read,PERMISSION_TYPE_ALLOW,true,"{1,2}"
perm-balance_attribute-update,default-workspace,superadmin-001,superadmin-001,Balance Attribute: Update,balance_attribute:update,PERMISSION_TYPE_ALLOW,true,"{1,2}"
perm-balance_attribute-delete,default-workspace,superadmin-001,superadmin-001,Balance Attribute: Delete,balance_attribute:delete,PERMISSION_TYPE_ALLOW,true,"{1,2}"
perm-balance_attribute-list,default-workspace,superadmin-001,superadmin-001,Balance Attribute: List,balance_attribute:list,PERMISSION_TYPE_ALLOW,true,"{1,2}"
perm-invoice-create,default-workspace,superadmin-001,superadmin-001,Invoice: Create,invoice:create,PERMISSION_TYPE_ALLOW,true,"{1,2}"
perm-invoice-read,default-workspace,superadmin-001,superadmin-001,Invoice: Read,invoice:read,PERMISSION_TYPE_ALLOW,true,"{1,2}"
perm-invoice-update,default-workspace,superadmin-001,superadmin-001,Invoice: Update,invoice:update,PERMISSION_TYPE_ALLOW,true,"{1,2}"
perm-invoice-delete,default-workspace,superadmin-001,superadmin-001,Invoice: Delete,invoice:delete,PERMISSION_TYPE_ALLOW,true,"{1,2}"
perm-invoice-list,default-workspace,superadmin-001,superadmin-001,Invoice: List,invoice:list,PERMISSION_TYPE_ALLOW,true,"{1,2}"
perm-invoice_attribute-create,default-workspace,superadmin-001,superadmin-001,Invoice Attribute: Create,invoice_attribute:create,PERMISSION_TYPE_ALLOW,true,"{1,2}"
perm-invoice_attribute-read,default-workspace,superadmin-001,superadmin-001,Invoice Attribute: Read,invoice_attribute:read,PERMISSION_TYPE_ALLOW,true,"{1,2}"
perm-invoice_attribute-update,default-workspace,superadmin-001,superadmin-001,Invoice Attribute: Update,invoice_attribute:update,PERMISSION_TYPE_ALLOW,true,"{1,2}"
perm-invoice_attribute-delete,default-workspace,superadmin-001,superadmin-001,Invoice Attribute: Delete,invoice_attribute:delete,PERMISSION_TYPE_ALLOW,true,"{1,2}"
perm-invoice_attribute-list,default-workspace,superadmin-001,superadmin-001,Invoice Attribute: List,invoice_attribute:list,PERMISSION_TYPE_ALLOW,true,"{1,2}"
perm-license-create,default-workspace,superadmin-001,superadmin-001,License: Create,license:create,PERMISSION_TYPE_ALLOW,true,"{1,2}"
perm-license-read,default-workspace,superadmin-001,superadmin-001,License: Read,license:read,PERMISSION_TYPE_ALLOW,true,"{1,2}"
perm-license-update,default-workspace,superadmin-001,superadmin-001,License: Update,license:update,PERMISSION_TYPE_ALLOW,true,"{1,2}"
perm-license-delete,default-workspace,superadmin-001,superadmin-001,License: Delete,license:delete,PERMISSION_TYPE_ALLOW,true,"{1,2}"
perm-license-list,default-workspace,superadmin-001,superadmin-001,License: List,license:list,PERMISSION_TYPE_ALLOW,true,"{1,2}"
perm-license_history-create,default-workspace,superadmin-001,superadmin-001,License History: Create,license_history:create,PERMISSION_TYPE_ALLOW,true,"{1,2}"
perm-license_history-read,default-workspace,superadmin-001,superadmin-001,License History: Read,license_history:read,PERMISSION_TYPE_ALLOW,true,"{1,2}"
perm-license_history-update,default-workspace,superadmin-001,superadmin-001,License History: Update,license_history:update,PERMISSION_TYPE_ALLOW,true,"{1,2}"
perm-license_history-delete,default-workspace,superadmin-001,superadmin-001,License History: Delete,license_history:delete,PERMISSION_TYPE_ALLOW,true,"{1,2}"
perm-license_history-list,default-workspace,superadmin-001,superadmin-001,License History: List,license_history:list,PERMISSION_TYPE_ALLOW,true,"{1,2}"
perm-plan-create,default-workspace,superadmin-001,superadmin-001,Plan: Create,plan:create,PERMISSION_TYPE_ALLOW,true,"{1,2}"
perm-plan-read,default-workspace,superadmin-001,superadmin-001,Plan: Read,plan:read,PERMISSION_TYPE_ALLOW,true,"{1,2}"
perm-plan-update,default-workspace,superadmin-001,superadmin-001,Plan: Update,plan:update,PERMISSION_TYPE_ALLOW,true,"{1,2}"
perm-plan-delete,default-workspace,superadmin-001,superadmin-001,Plan: Delete,plan:delete,PERMISSION_TYPE_ALLOW,true,"{1,2}"
perm-plan-list,default-workspace,superadmin-001,superadmin-001,Plan: List,plan:list,PERMISSION_TYPE_ALLOW,true,"{1,2}"
perm-plan_attribute-create,default-workspace,superadmin-001,superadmin-001,Plan Attribute: Create,plan_attribute:create,PERMISSION_TYPE_ALLOW,true,"{1,2}"
perm-plan_attribute-read,default-workspace,superadmin-001,superadmin-001,Plan Attribute: Read,plan_attribute:read,PERMISSION_TYPE_ALLOW,true,"{1,2}"
perm-plan_attribute-update,default-workspace,superadmin-001,superadmin-001,Plan Attribute: Update,plan_attribute:update,PERMISSION_TYPE_ALLOW,true,"{1,2}"
perm-plan_attribute-delete,default-workspace,superadmin-001,superadmin-001,Plan Attribute: Delete,plan_attribute:delete,PERMISSION_TYPE_ALLOW,true,"{1,2}"
perm-plan_attribute-list,default-workspace,superadmin-001,superadmin-001,Plan Attribute: List,plan_attribute:list,PERMISSION_TYPE_ALLOW,true,"{1,2}"
perm-plan_settings-create,default-workspace,superadmin-001,superadmin-001,Plan Settings: Create,plan_settings:create,PERMISSION_TYPE_ALLOW,true,"{1,2}"
perm-plan_settings-read,default-workspace,superadmin-001,superadmin-001,Plan Settings: Read,plan_settings:read,PERMISSION_TYPE_ALLOW,true,"{1,2}"
perm-plan_settings-update,default-workspace,superadmin-001,superadmin-001,Plan Settings: Update,plan_settings:update,PERMISSION_TYPE_ALLOW,true,"{1,2}"
perm-plan_settings-delete,default-workspace,superadmin-001,superadmin-001,Plan Settings: Delete,plan_settings:delete,PERMISSION_TYPE_ALLOW,true,"{1,2}"
perm-plan_settings-list,default-workspace,superadmin-001,superadmin-001,Plan Settings: List,plan_settings:list,PERMISSION_TYPE_ALLOW,true,"{1,2}"
perm-price_plan-create,default-workspace,superadmin-001,superadmin-001,Price Plan: Create,price_plan:create,PERMISSION_TYPE_ALLOW,true,"{1,2}"
perm-price_plan-read,default-workspace,superadmin-001,superadmin-001,Price Plan: Read,price_plan:read,PERMISSION_TYPE_ALLOW,true,"{1,2}"
perm-price_plan-update,default-workspace,superadmin-001,superadmin-001,Price Plan: Update,price_plan:update,PERMISSION_TYPE_ALLOW,true,"{1,2}"
perm-price_plan-delete,default-workspace,superadmin-001,superadmin-001,Price Plan: Delete,price_plan:delete,PERMISSION_TYPE_ALLOW,true,"{1,2}"
perm-price_plan-list,default-workspace,superadmin-001,superadmin-001,Price Plan: List,price_plan:list,PERMISSION_TYPE_ALLOW,true,"{1,2}"
perm-price_schedule-create,default-workspace,superadmin-001,superadmin-001,Price Schedule: Create,price_schedule:create,PERMISSION_TYPE_ALLOW,true,"{1,2}"
perm-price_schedule-read,default-workspace,superadmin-001,superadmin-001,Price Schedule: Read,price_schedule:read,PERMISSION_TYPE_ALLOW,true,"{1,2}"
perm-price_schedule-update,default-workspace,superadmin-001,superadmin-001,Price Schedule: Update,price_schedule:update,PERMISSION_TYPE_ALLOW,true,"{1,2}"
perm-price_schedule-delete,default-workspace,superadmin-001,superadmin-001,Price Schedule: Delete,price_schedule:delete,PERMISSION_TYPE_ALLOW,true,"{1,2}"
perm-price_schedule-list,default-workspace,superadmin-001,superadmin-001,Price Schedule: List,price_schedule:list,PERMISSION_TYPE_ALLOW,true,"{1,2}"
perm-product_price_plan-create,default-workspace,superadmin-001,superadmin-001,Product Price Plan: Create,product_price_plan:create,PERMISSION_TYPE_ALLOW,true,"{1,2}"
perm-product_price_plan-read,default-workspace,superadmin-001,superadmin-001,Product Price Plan: Read,product_price_plan:read,PERMISSION_TYPE_ALLOW,true,"{1,2}"
perm-product_price_plan-update,default-workspace,superadmin-001,superadmin-001,Product Price Plan: Update,product_price_plan:update,PERMISSION_TYPE_ALLOW,true,"{1,2}"
perm-product_price_plan-delete,default-workspace,superadmin-001,superadmin-001,Product Price Plan: Delete,product_price_plan:delete,PERMISSION_TYPE_ALLOW,true,"{1,2}"
perm-product_price_plan-list,default-workspace,superadmin-001,superadmin-001,Product Price Plan: List,product_price_plan:list,PERMISSION_TYPE_ALLOW,true,"{1,2}"
perm-subscription-create,default-workspace,superadmin-001,superadmin-001,Subscription: Create,subscription:create,PERMISSION_TYPE_ALLOW,true,"{1,2}"
perm-subscription-read,default-workspace,superadmin-001,superadmin-001,Subscription: Read,subscription:read,PERMISSION_TYPE_ALLOW,true,"{1,2}"
perm-subscription-update,default-workspace,superadmin-001,superadmin-001,Subscription: Update,subscription:update,PERMISSION_TYPE_ALLOW,true,"{1,2}"
perm-subscription-delete,default-workspace,superadmin-001,superadmin-001,Subscription: Delete,subscription:delete,PERMISSION_TYPE_ALLOW,true,"{1,2}"
perm-subscription-list,default-workspace,superadmin-001,superadmin-001,Subscription: List,subscription:list,PERMISSION_TYPE_ALLOW,true,"{1,2}"
perm-subscription_attribute-create,default-workspace,superadmin-001,superadmin-001,Subscription Attribute: Create,subscription_attribute:create,PERMISSION_TYPE_ALLOW,true,"{1,2}"
perm-subscription_attribute-read,default-workspace,superadmin-001,superadmin-001,Subscription Attribute: Read,subscription_attribute:read,PERMISSION_TYPE_ALLOW,true,"{1,2}"
perm-subscription_attribute-update,default-workspace,superadmin-001,superadmin-001,Subscription Attribute: Update,subscription_attribute:update,PERMISSION_TYPE_ALLOW,true,"{1,2}"
perm-subscription_attribute-delete,default-workspace,superadmin-001,superadmin-001,Subscription Attribute: Delete,subscription_attribute:delete,PERMISSION_TYPE_ALLOW,true,"{1,2}"
perm-subscription_attribute-list,default-workspace,superadmin-001,superadmin-001,Subscription Attribute: List,subscription_attribute:list,PERMISSION_TYPE_ALLOW,true,"{1,2}"
perm-workflow-create,default-workspace,superadmin-001,superadmin-001,Workflow: Create,workflow:create,PERMISSION_TYPE_ALLOW,true,"{1,2}"
perm-workflow-read,default-workspace,superadmin-001,superadmin-001,Workflow: Read,workflow:read,PERMISSION_TYPE_ALLOW,true,"{1,2}"
perm-workflow-update,default-workspace,superadmin-001,superadmin-001,Workflow: Update,workflow:update,PERMISSION_TYPE_ALLOW,true,"{1,2}"
perm-workflow-delete,default-workspace,superadmin-001,superadmin-001,Workflow: Delete,workflow:delete,PERMISSION_TYPE_ALLOW,true,"{1,2}"
perm-workflow-list,default-workspace,superadmin-001,superadmin-001,Workflow: List,workflow:list,PERMISSION_TYPE_ALLOW,true,"{1,2}"
perm-workflow_template-create,default-workspace,superadmin-001,superadmin-001,Workflow Template: Create,workflow_template:create,PERMISSION_TYPE_ALLOW,true,"{1,2}"
perm-workflow_template-read,default-workspace,superadmin-001,superadmin-001,Workflow Template: Read,workflow_template:read,PERMISSION_TYPE_ALLOW,true,"{1,2}"
perm-workflow_template-update,default-workspace,superadmin-001,superadmin-001,Workflow Template: Update,workflow_template:update,PERMISSION_TYPE_ALLOW,true,"{1,2}"
perm-workflow_template-delete,default-workspace,superadmin-001,superadmin-001,Workflow Template: Delete,workflow_template:delete,PERMISSION_TYPE_ALLOW,true,"{1,2}"
perm-workflow_template-list,default-workspace,superadmin-001,superadmin-001,Workflow Template: List,workflow_template:list,PERMISSION_TYPE_ALLOW,true,"{1,2}"
perm-stage-create,default-workspace,superadmin-001,superadmin-001,Stage: Create,stage:create,PERMISSION_TYPE_ALLOW,true,"{1,2}"
perm-stage-read,default-workspace,superadmin-001,superadmin-001,Stage: Read,stage:read,PERMISSION_TYPE_ALLOW,true,"{1,2}"
perm-stage-update,default-workspace,superadmin-001,superadmin-001,Stage: Update,stage:update,PERMISSION_TYPE_ALLOW,true,"{1,2}"
perm-stage-delete,default-workspace,superadmin-001,superadmin-001,Stage: Delete,stage:delete,PERMISSION_TYPE_ALLOW,true,"{1,2}"
perm-stage-list,default-workspace,superadmin-001,superadmin-001,Stage: List,stage:list,PERMISSION_TYPE_ALLOW,true,"{1,2}"
perm-stage_template-create,default-workspace,superadmin-001,superadmin-001,Stage Template: Create,stage_template:create,PERMISSION_TYPE_ALLOW,true,"{1,2}"
perm-stage_template-read,default-workspace,superadmin-001,superadmin-001,Stage Template: Read,stage_template:read,PERMISSION_TYPE_ALLOW,true,"{1,2}"
perm-stage_template-update,default-workspace,superadmin-001,superadmin-001,Stage Template: Update,stage_template:update,PERMISSION_TYPE_ALLOW,true,"{1,2}"
perm-stage_template-delete,default-workspace,superadmin-001,superadmin-001,Stage Template: Delete,stage_template:delete,PERMISSION_TYPE_ALLOW,true,"{1,2}"
perm-stage_template-list,default-workspace,superadmin-001,superadmin-001,Stage Template: List,stage_template:list,PERMISSION_TYPE_ALLOW,true,"{1,2}"
perm-activity-create,default-workspace,superadmin-001,superadmin-001,Activity: Create,activity:create,PERMISSION_TYPE_ALLOW,true,"{1,2}"
perm-activity-read,default-workspace,superadmin-001,superadmin-001,Activity: Read,activity:read,PERMISSION_TYPE_ALLOW,true,"{1,2}"
perm-activity-update,default-workspace,superadmin-001,superadmin-001,Activity: Update,activity:update,PERMISSION_TYPE_ALLOW,true,"{1,2}"
perm-activity-delete,default-workspace,superadmin-001,superadmin-001,Activity: Delete,activity:delete,PERMISSION_TYPE_ALLOW,true,"{1,2}"
perm-activity-list,default-workspace,superadmin-001,superadmin-001,Activity: List,activity:list,PERMISSION_TYPE_ALLOW,true,"{1,2}"
perm-activity_template-create,default-workspace,superadmin-001,superadmin-001,Activity Template: Create,activity_template:create,PERMISSION_TYPE_ALLOW,true,"{1,2}"
perm-activity_template-read,default-workspace,superadmin-001,superadmin-001,Activity Template: Read,activity_template:read,PERMISSION_TYPE_ALLOW,true,"{1,2}"
perm-activity_template-update,default-workspace,superadmin-001,superadmin-001,Activity Template: Update,activity_template:update,PERMISSION_TYPE_ALLOW,true,"{1,2}"
perm-activity_template-delete,default-workspace,superadmin-001,superadmin-001,Activity Template: Delete,activity_template:delete,PERMISSION_TYPE_ALLOW,true,"{1,2}"
perm-activity_template-list,default-workspace,superadmin-001,superadmin-001,Activity Template: List,activity_template:list,PERMISSION_TYPE_ALLOW,true,"{1,2}"
perm-attribute-create,default-workspace,superadmin-001,superadmin-001,Attribute: Create,attribute:create,PERMISSION_TYPE_ALLOW,true,"{1,2}"
perm-attribute-read,default-workspace,superadmin-001,superadmin-001,Attribute: Read,attribute:read,PERMISSION_TYPE_ALLOW,true,"{1,2}"
perm-attribute-update,default-workspace,superadmin-001,superadmin-001,Attribute: Update,attribute:update,PERMISSION_TYPE_ALLOW,true,"{1,2}"
perm-attribute-delete,default-workspace,superadmin-001,superadmin-001,Attribute: Delete,attribute:delete,PERMISSION_TYPE_ALLOW,true,"{1,2}"
perm-attribute-list,default-workspace,superadmin-001,superadmin-001,Attribute: List,attribute:list,PERMISSION_TYPE_ALLOW,true,"{1,2}"
perm-asset-create,default-workspace,superadmin-001,superadmin-001,Asset: Create,asset:create,PERMISSION_TYPE_ALLOW,true,"{1,2}"
perm-asset-read,default-workspace,superadmin-001,superadmin-001,Asset: Read,asset:read,PERMISSION_TYPE_ALLOW,true,"{1,2}"
perm-asset-update,default-workspace,superadmin-001,superadmin-001,Asset: Update,asset:update,PERMISSION_TYPE_ALLOW,true,"{1,2}"
perm-asset-delete,default-workspace,superadmin-001,superadmin-001,Asset: Delete,asset:delete,PERMISSION_TYPE_ALLOW,true,"{1,2}"
perm-asset-list,default-workspace,superadmin-001,superadmin-001,Asset: List,asset:list,PERMISSION_TYPE_ALLOW,true,"{1,2}"
perm-asset_category-create,default-workspace,superadmin-001,superadmin-001,Asset Category: Create,asset_category:create,PERMISSION_TYPE_ALLOW,true,"{1,2}"
perm-asset_category-read,default-workspace,superadmin-001,superadmin-001,Asset Category: Read,asset_category:read,PERMISSION_TYPE_ALLOW,true,"{1,2}"
perm-asset_category-update,default-workspace,superadmin-001,superadmin-001,Asset Category: Update,asset_category:update,PERMISSION_TYPE_ALLOW,true,"{1,2}"
perm-asset_category-delete,default-workspace,superadmin-001,superadmin-001,Asset Category: Delete,asset_category:delete,PERMISSION_TYPE_ALLOW,true,"{1,2}"
perm-asset_category-list,default-workspace,superadmin-001,superadmin-001,Asset Category: List,asset_category:list,PERMISSION_TYPE_ALLOW,true,"{1,2}"
perm-asset_attribute-create,default-workspace,superadmin-001,superadmin-001,Asset Attribute: Create,asset_attribute:create,PERMISSION_TYPE_ALLOW,true,"{1,2}"
perm-asset_attribute-read,default-workspace,superadmin-001,superadmin-001,Asset Attribute: Read,asset_attribute:read,PERMISSION_TYPE_ALLOW,true,"{1,2}"
perm-asset_attribute-update,default-workspace,superadmin-001,superadmin-001,Asset Attribute: Update,asset_attribute:update,PERMISSION_TYPE_ALLOW,true,"{1,2}"
perm-asset_attribute-delete,default-workspace,superadmin-001,superadmin-001,Asset Attribute: Delete,asset_attribute:delete,PERMISSION_TYPE_ALLOW,true,"{1,2}"
perm-asset_attribute-list,default-workspace,superadmin-001,superadmin-001,Asset Attribute: List,asset_attribute:list,PERMISSION_TYPE_ALLOW,true,"{1,2}"
perm-asset_location-create,default-workspace,superadmin-001,superadmin-001,Asset Location: Create,asset_location:create,PERMISSION_TYPE_ALLOW,true,"{1,2}"
perm-asset_location-read,default-workspace,superadmin-001,superadmin-001,Asset Location: Read,asset_location:read,PERMISSION_TYPE_ALLOW,true,"{1,2}"
perm-asset_location-update,default-workspace,superadmin-001,superadmin-001,Asset Location: Update,asset_location:update,PERMISSION_TYPE_ALLOW,true,"{1,2}"
perm-asset_location-delete,default-workspace,superadmin-001,superadmin-001,Asset Location: Delete,asset_location:delete,PERMISSION_TYPE_ALLOW,true,"{1,2}"
perm-asset_location-list,default-workspace,superadmin-001,superadmin-001,Asset Location: List,asset_location:list,PERMISSION_TYPE_ALLOW,true,"{1,2}"
perm-depreciation_schedule-create,default-workspace,superadmin-001,superadmin-001,Depreciation Schedule: Create,depreciation_schedule:create,PERMISSION_TYPE_ALLOW,true,"{1,2}"
perm-depreciation_schedule-read,default-workspace,superadmin-001,superadmin-001,Depreciation Schedule: Read,depreciation_schedule:read,PERMISSION_TYPE_ALLOW,true,"{1,2}"
perm-depreciation_schedule-update,default-workspace,superadmin-001,superadmin-001,Depreciation Schedule: Update,depreciation_schedule:update,PERMISSION_TYPE_ALLOW,true,"{1,2}"
perm-depreciation_schedule-delete,default-workspace,superadmin-001,superadmin-001,Depreciation Schedule: Delete,depreciation_schedule:delete,PERMISSION_TYPE_ALLOW,true,"{1,2}"
perm-depreciation_schedule-list,default-workspace,superadmin-001,superadmin-001,Depreciation Schedule: List,depreciation_schedule:list,PERMISSION_TYPE_ALLOW,true,"{1,2}"
perm-asset_transaction-create,default-workspace,superadmin-001,superadmin-001,Asset Transaction: Create,asset_transaction:create,PERMISSION_TYPE_ALLOW,true,"{1,2}"
perm-asset_transaction-read,default-workspace,superadmin-001,superadmin-001,Asset Transaction: Read,asset_transaction:read,PERMISSION_TYPE_ALLOW,true,"{1,2}"
perm-asset_transaction-update,default-workspace,superadmin-001,superadmin-001,Asset Transaction: Update,asset_transaction:update,PERMISSION_TYPE_ALLOW,true,"{1,2}"
perm-asset_transaction-delete,default-workspace,superadmin-001,superadmin-001,Asset Transaction: Delete,asset_transaction:delete,PERMISSION_TYPE_ALLOW,true,"{1,2}"
perm-asset_transaction-list,default-workspace,superadmin-001,superadmin-001,Asset Transaction: List,asset_transaction:list,PERMISSION_TYPE_ALLOW,true,"{1,2}"
perm-asset_disposal-create,default-workspace,superadmin-001,superadmin-001,Asset Disposal: Create,asset_disposal:create,PERMISSION_TYPE_ALLOW,true,"{1,2}"
perm-asset_disposal-read,default-workspace,superadmin-001,superadmin-001,Asset Disposal: Read,asset_disposal:read,PERMISSION_TYPE_ALLOW,true,"{1,2}"
perm-asset_disposal-update,default-workspace,superadmin-001,superadmin-001,Asset Disposal: Update,asset_disposal:update,PERMISSION_TYPE_ALLOW,true,"{1,2}"
perm-asset_disposal-delete,default-workspace,superadmin-001,superadmin-001,Asset Disposal: Delete,asset_disposal:delete,PERMISSION_TYPE_ALLOW,true,"{1,2}"
perm-asset_disposal-list,default-workspace,superadmin-001,superadmin-001,Asset Disposal: List,asset_disposal:list,PERMISSION_TYPE_ALLOW,true,"{1,2}"
perm-asset_revaluation-create,default-workspace,superadmin-001,superadmin-001,Asset Revaluation: Create,asset_revaluation:create,PERMISSION_TYPE_ALLOW,true,"{1,2}"
perm-asset_revaluation-read,default-workspace,superadmin-001,superadmin-001,Asset Revaluation: Read,asset_revaluation:read,PERMISSION_TYPE_ALLOW,true,"{1,2}"
perm-asset_revaluation-update,default-workspace,superadmin-001,superadmin-001,Asset Revaluation: Update,asset_revaluation:update,PERMISSION_TYPE_ALLOW,true,"{1,2}"
perm-asset_revaluation-delete,default-workspace,superadmin-001,superadmin-001,Asset Revaluation: Delete,asset_revaluation:delete,PERMISSION_TYPE_ALLOW,true,"{1,2}"
perm-asset_revaluation-list,default-workspace,superadmin-001,superadmin-001,Asset Revaluation: List,asset_revaluation:list,PERMISSION_TYPE_ALLOW,true,"{1,2}"
perm-asset_maintenance-create,default-workspace,superadmin-001,superadmin-001,Asset Maintenance: Create,asset_maintenance:create,PERMISSION_TYPE_ALLOW,true,"{1,2}"
perm-asset_maintenance-read,default-workspace,superadmin-001,superadmin-001,Asset Maintenance: Read,asset_maintenance:read,PERMISSION_TYPE_ALLOW,true,"{1,2}"
perm-asset_maintenance-update,default-workspace,superadmin-001,superadmin-001,Asset Maintenance: Update,asset_maintenance:update,PERMISSION_TYPE_ALLOW,true,"{1,2}"
perm-asset_maintenance-delete,default-workspace,superadmin-001,superadmin-001,Asset Maintenance: Delete,asset_maintenance:delete,PERMISSION_TYPE_ALLOW,true,"{1,2}"
perm-asset_maintenance-list,default-workspace,superadmin-001,superadmin-001,Asset Maintenance: List,asset_maintenance:list,PERMISSION_TYPE_ALLOW,true,"{1,2}"
perm-asset_component-create,default-workspace,superadmin-001,superadmin-001,Asset Component: Create,asset_component:create,PERMISSION_TYPE_ALLOW,true,"{1,2}"
perm-asset_component-read,default-workspace,superadmin-001,superadmin-001,Asset Component: Read,asset_component:read,PERMISSION_TYPE_ALLOW,true,"{1,2}"
perm-asset_component-update,default-workspace,superadmin-001,superadmin-001,Asset Component: Update,asset_component:update,PERMISSION_TYPE_ALLOW,true,"{1,2}"
perm-asset_component-delete,default-workspace,superadmin-001,superadmin-001,Asset Component: Delete,asset_component:delete,PERMISSION_TYPE_ALLOW,true,"{1,2}"
perm-asset_component-list,default-workspace,superadmin-001,superadmin-001,Asset Component: List,asset_component:list,PERMISSION_TYPE_ALLOW,true,"{1,2}"
perm-supplier-create,default-workspace,superadmin-001,superadmin-001,Supplier: Create,supplier:create,PERMISSION_TYPE_ALLOW,true,"{1,2}"
perm-supplier-read,default-workspace,superadmin-001,superadmin-001,Supplier: Read,supplier:read,PERMISSION_TYPE_ALLOW,true,"{1,2}"
perm-supplier-update,default-workspace,superadmin-001,superadmin-001,Supplier: Update,supplier:update,PERMISSION_TYPE_ALLOW,true,"{1,2}"
perm-supplier-delete,default-workspace,superadmin-001,superadmin-001,Supplier: Delete,supplier:delete,PERMISSION_TYPE_ALLOW,true,"{1,2}"
perm-supplier-list,default-workspace,superadmin-001,superadmin-001,Supplier: List,supplier:list,PERMISSION_TYPE_ALLOW,true,"{1,2}"
perm-supplier_category-create,default-workspace,superadmin-001,superadmin-001,Supplier Category: Create,supplier_category:create,PERMISSION_TYPE_ALLOW,true,"{1,2}"
perm-supplier_category-read,default-workspace,superadmin-001,superadmin-001,Supplier Category: Read,supplier_category:read,PERMISSION_TYPE_ALLOW,true,"{1,2}"
perm-supplier_category-update,default-workspace,superadmin-001,superadmin-001,Supplier Category: Update,supplier_category:update,PERMISSION_TYPE_ALLOW,true,"{1,2}"
perm-supplier_category-delete,default-workspace,superadmin-001,superadmin-001,Supplier Category: Delete,supplier_category:delete,PERMISSION_TYPE_ALLOW,true,"{1,2}"
perm-supplier_category-list,default-workspace,superadmin-001,superadmin-001,Supplier Category: List,supplier_category:list,PERMISSION_TYPE_ALLOW,true,"{1,2}"
perm-supplier_attribute-create,default-workspace,superadmin-001,superadmin-001,Supplier Attribute: Create,supplier_attribute:create,PERMISSION_TYPE_ALLOW,true,"{1,2}"
perm-supplier_attribute-read,default-workspace,superadmin-001,superadmin-001,Supplier Attribute: Read,supplier_attribute:read,PERMISSION_TYPE_ALLOW,true,"{1,2}"
perm-supplier_attribute-update,default-workspace,superadmin-001,superadmin-001,Supplier Attribute: Update,supplier_attribute:update,PERMISSION_TYPE_ALLOW,true,"{1,2}"
perm-supplier_attribute-delete,default-workspace,superadmin-001,superadmin-001,Supplier Attribute: Delete,supplier_attribute:delete,PERMISSION_TYPE_ALLOW,true,"{1,2}"
perm-supplier_attribute-list,default-workspace,superadmin-001,superadmin-001,Supplier Attribute: List,supplier_attribute:list,PERMISSION_TYPE_ALLOW,true,"{1,2}"
perm-service-create,default-workspace,superadmin-001,superadmin-001,Service: Create,service:create,PERMISSION_TYPE_ALLOW,true,"{1,2}"
perm-service-read,default-workspace,superadmin-001,superadmin-001,Service: Read,service:read,PERMISSION_TYPE_ALLOW,true,"{1,2}"
perm-service-update,default-workspace,superadmin-001,superadmin-001,Service: Update,service:update,PERMISSION_TYPE_ALLOW,true,"{1,2}"
perm-service-delete,default-workspace,superadmin-001,superadmin-001,Service: Delete,service:delete,PERMISSION_TYPE_ALLOW,true,"{1,2}"
perm-service-list,default-workspace,superadmin-001,superadmin-001,Service: List,service:list,PERMISSION_TYPE_ALLOW,true,"{1,2}"
perm-purchase-create,default-workspace,superadmin-001,superadmin-001,Purchase: Create,purchase:create,PERMISSION_TYPE_ALLOW,true,"{1,2}"
perm-purchase-read,default-workspace,superadmin-001,superadmin-001,Purchase: Read,purchase:read,PERMISSION_TYPE_ALLOW,true,"{1,2}"
perm-purchase-update,default-workspace,superadmin-001,superadmin-001,Purchase: Update,purchase:update,PERMISSION_TYPE_ALLOW,true,"{1,2}"
perm-purchase-delete,default-workspace,superadmin-001,superadmin-001,Purchase: Delete,purchase:delete,PERMISSION_TYPE_ALLOW,true,"{1,2}"
perm-purchase-list,default-workspace,superadmin-001,superadmin-001,Purchase: List,purchase:list,PERMISSION_TYPE_ALLOW,true,"{1,2}"
perm-expense-create,default-workspace,superadmin-001,superadmin-001,Expense: Create,expense:create,PERMISSION_TYPE_ALLOW,true,"{1,2}"
perm-expense-read,default-workspace,superadmin-001,superadmin-001,Expense: Read,expense:read,PERMISSION_TYPE_ALLOW,true,"{1,2}"
perm-expense-update,default-workspace,superadmin-001,superadmin-001,Expense: Update,expense:update,PERMISSION_TYPE_ALLOW,true,"{1,2}"
perm-expense-delete,default-workspace,superadmin-001,superadmin-001,Expense: Delete,expense:delete,PERMISSION_TYPE_ALLOW,true,"{1,2}"
perm-expense-list,default-workspace,superadmin-001,superadmin-001,Expense: List,expense:list,PERMISSION_TYPE_ALLOW,true,"{1,2}"
perm-job-create,default-workspace,superadmin-001,superadmin-001,Job: Create,job:create,PERMISSION_TYPE_ALLOW,true,"{1,2}"
perm-job-read,default-workspace,superadmin-001,superadmin-001,Job: Read,job:read,PERMISSION_TYPE_ALLOW,true,"{1,2}"
perm-job-update,default-workspace,superadmin-001,superadmin-001,Job: Update,job:update,PERMISSION_TYPE_ALLOW,true,"{1,2}"
perm-job-delete,default-workspace,superadmin-001,superadmin-001,Job: Delete,job:delete,PERMISSION_TYPE_ALLOW,true,"{1,2}"
perm-job-list,default-workspace,superadmin-001,superadmin-001,Job: List,job:list,PERMISSION_TYPE_ALLOW,true,"{1,2}"
perm-job_category-create,default-workspace,superadmin-001,superadmin-001,Job Category: Create,job_category:create,PERMISSION_TYPE_ALLOW,true,"{1,2}"
perm-job_category-read,default-workspace,superadmin-001,superadmin-001,Job Category: Read,job_category:read,PERMISSION_TYPE_ALLOW,true,"{1,2}"
perm-job_category-update,default-workspace,superadmin-001,superadmin-001,Job Category: Update,job_category:update,PERMISSION_TYPE_ALLOW,true,"{1,2}"
perm-job_category-delete,default-workspace,superadmin-001,superadmin-001,Job Category: Delete,job_category:delete,PERMISSION_TYPE_ALLOW,true,"{1,2}"
perm-job_category-list,default-workspace,superadmin-001,superadmin-001,Job Category: List,job_category:list,PERMISSION_TYPE_ALLOW,true,"{1,2}"
perm-job_phase-create,default-workspace,superadmin-001,superadmin-001,Job Phase: Create,job_phase:create,PERMISSION_TYPE_ALLOW,true,"{1,2}"
perm-job_phase-read,default-workspace,superadmin-001,superadmin-001,Job Phase: Read,job_phase:read,PERMISSION_TYPE_ALLOW,true,"{1,2}"
perm-job_phase-update,default-workspace,superadmin-001,superadmin-001,Job Phase: Update,job_phase:update,PERMISSION_TYPE_ALLOW,true,"{1,2}"
perm-job_phase-delete,default-workspace,superadmin-001,superadmin-001,Job Phase: Delete,job_phase:delete,PERMISSION_TYPE_ALLOW,true,"{1,2}"
perm-job_phase-list,default-workspace,superadmin-001,superadmin-001,Job Phase: List,job_phase:list,PERMISSION_TYPE_ALLOW,true,"{1,2}"
perm-job_phase-submit,default-workspace,superadmin-001,superadmin-001,Job Phase: Submit,job_phase:submit,PERMISSION_TYPE_ALLOW,true,"{1,2,7}"
perm-job_phase-verify,default-workspace,superadmin-001,superadmin-001,Job Phase: Verify,job_phase:verify,PERMISSION_TYPE_ALLOW,true,"{1,2}"
perm-job_phase-publish,default-workspace,superadmin-001,superadmin-001,Job Phase: Publish,job_phase:publish,PERMISSION_TYPE_ALLOW,true,"{1,2}"
perm-job_phase-return,default-workspace,superadmin-001,superadmin-001,Job Phase: Return,job_phase:return,PERMISSION_TYPE_ALLOW,true,"{1,2}"
perm-job_template-create,default-workspace,superadmin-001,superadmin-001,Job Template: Create,job_template:create,PERMISSION_TYPE_ALLOW,true,"{1,2}"
perm-job_template-read,default-workspace,superadmin-001,superadmin-001,Job Template: Read,job_template:read,PERMISSION_TYPE_ALLOW,true,"{1,2}"
perm-job_template-update,default-workspace,superadmin-001,superadmin-001,Job Template: Update,job_template:update,PERMISSION_TYPE_ALLOW,true,"{1,2}"
perm-job_template-delete,default-workspace,superadmin-001,superadmin-001,Job Template: Delete,job_template:delete,PERMISSION_TYPE_ALLOW,true,"{1,2}"
perm-job_template-list,default-workspace,superadmin-001,superadmin-001,Job Template: List,job_template:list,PERMISSION_TYPE_ALLOW,true,"{1,2}"
perm-job_activity-create,default-workspace,superadmin-001,superadmin-001,Job Activity: Create,job_activity:create,PERMISSION_TYPE_ALLOW,true,"{1,2}"
perm-job_activity-read,default-workspace,superadmin-001,superadmin-001,Job Activity: Read,job_activity:read,PERMISSION_TYPE_ALLOW,true,"{1,2}"
perm-job_activity-update,default-workspace,superadmin-001,superadmin-001,Job Activity: Update,job_activity:update,PERMISSION_TYPE_ALLOW,true,"{1,2}"
perm-job_activity-delete,default-workspace,superadmin-001,superadmin-001,Job Activity: Delete,job_activity:delete,PERMISSION_TYPE_ALLOW,true,"{1,2}"
perm-job_activity-list,default-workspace,superadmin-001,superadmin-001,Job Activity: List,job_activity:list,PERMISSION_TYPE_ALLOW,true,"{1,2}"
perm-fulfillment-create,default-workspace,superadmin-001,superadmin-001,Fulfillment: Create,fulfillment:create,PERMISSION_TYPE_ALLOW,true,"{1,2}"
perm-fulfillment-read,default-workspace,superadmin-001,superadmin-001,Fulfillment: Read,fulfillment:read,PERMISSION_TYPE_ALLOW,true,"{1,2}"
perm-fulfillment-update,default-workspace,superadmin-001,superadmin-001,Fulfillment: Update,fulfillment:update,PERMISSION_TYPE_ALLOW,true,"{1,2}"
perm-fulfillment-delete,default-workspace,superadmin-001,superadmin-001,Fulfillment: Delete,fulfillment:delete,PERMISSION_TYPE_ALLOW,true,"{1,2}"
perm-fulfillment-list,default-workspace,superadmin-001,superadmin-001,Fulfillment: List,fulfillment:list,PERMISSION_TYPE_ALLOW,true,"{1,2}"
perm-outcome_criteria-create,default-workspace,superadmin-001,superadmin-001,Outcome Criteria: Create,outcome_criteria:create,PERMISSION_TYPE_ALLOW,true,"{1,2}"
perm-outcome_criteria-read,default-workspace,superadmin-001,superadmin-001,Outcome Criteria: Read,outcome_criteria:read,PERMISSION_TYPE_ALLOW,true,"{1,2}"
perm-outcome_criteria-update,default-workspace,superadmin-001,superadmin-001,Outcome Criteria: Update,outcome_criteria:update,PERMISSION_TYPE_ALLOW,true,"{1,2}"
perm-outcome_criteria-delete,default-workspace,superadmin-001,superadmin-001,Outcome Criteria: Delete,outcome_criteria:delete,PERMISSION_TYPE_ALLOW,true,"{1,2}"
perm-outcome_criteria-list,default-workspace,superadmin-001,superadmin-001,Outcome Criteria: List,outcome_criteria:list,PERMISSION_TYPE_ALLOW,true,"{1,2}"
perm-criteria_threshold-create,default-workspace,superadmin-001,superadmin-001,Criteria Threshold: Create,criteria_threshold:create,PERMISSION_TYPE_ALLOW,true,"{1,2}"
perm-criteria_threshold-read,default-workspace,superadmin-001,superadmin-001,Criteria Threshold: Read,criteria_threshold:read,PERMISSION_TYPE_ALLOW,true,"{1,2}"
perm-criteria_threshold-update,default-workspace,superadmin-001,superadmin-001,Criteria Threshold: Update,criteria_threshold:update,PERMISSION_TYPE_ALLOW,true,"{1,2}"
perm-criteria_threshold-delete,default-workspace,superadmin-001,superadmin-001,Criteria Threshold: Delete,criteria_threshold:delete,PERMISSION_TYPE_ALLOW,true,"{1,2}"
perm-criteria_threshold-list,default-workspace,superadmin-001,superadmin-001,Criteria Threshold: List,criteria_threshold:list,PERMISSION_TYPE_ALLOW,true,"{1,2}"
perm-criteria_option-create,default-workspace,superadmin-001,superadmin-001,Criteria Option: Create,criteria_option:create,PERMISSION_TYPE_ALLOW,true,"{1,2}"
perm-criteria_option-read,default-workspace,superadmin-001,superadmin-001,Criteria Option: Read,criteria_option:read,PERMISSION_TYPE_ALLOW,true,"{1,2}"
perm-criteria_option-update,default-workspace,superadmin-001,superadmin-001,Criteria Option: Update,criteria_option:update,PERMISSION_TYPE_ALLOW,true,"{1,2}"
perm-criteria_option-delete,default-workspace,superadmin-001,superadmin-001,Criteria Option: Delete,criteria_option:delete,PERMISSION_TYPE_ALLOW,true,"{1,2}"
perm-criteria_option-list,default-workspace,superadmin-001,superadmin-001,Criteria Option: List,criteria_option:list,PERMISSION_TYPE_ALLOW,true,"{1,2}"
perm-template_task_criteria-create,default-workspace,superadmin-001,superadmin-001,Template Task Criteria: Create,template_task_criteria:create,PERMISSION_TYPE_ALLOW,true,"{1,2}"
perm-template_task_criteria-read,default-workspace,superadmin-001,superadmin-001,Template Task Criteria: Read,template_task_criteria:read,PERMISSION_TYPE_ALLOW,true,"{1,2}"
perm-template_task_criteria-update,default-workspace,superadmin-001,superadmin-001,Template Task Criteria: Update,template_task_criteria:update,PERMISSION_TYPE_ALLOW,true,"{1,2}"
perm-template_task_criteria-delete,default-workspace,superadmin-001,superadmin-001,Template Task Criteria: Delete,template_task_criteria:delete,PERMISSION_TYPE_ALLOW,true,"{1,2}"
perm-template_task_criteria-list,default-workspace,superadmin-001,superadmin-001,Template Task Criteria: List,template_task_criteria:list,PERMISSION_TYPE_ALLOW,true,"{1,2}"
perm-task_outcome-create,default-workspace,superadmin-001,superadmin-001,Task Outcome: Create,task_outcome:create,PERMISSION_TYPE_ALLOW,true,"{1,2}"
perm-task_outcome-read,default-workspace,superadmin-001,superadmin-001,Task Outcome: Read,task_outcome:read,PERMISSION_TYPE_ALLOW,true,"{1,2}"
perm-task_outcome-update,default-workspace,superadmin-001,superadmin-001,Task Outcome: Update,task_outcome:update,PERMISSION_TYPE_ALLOW,true,"{1,2}"
perm-task_outcome-delete,default-workspace,superadmin-001,superadmin-001,Task Outcome: Delete,task_outcome:delete,PERMISSION_TYPE_ALLOW,true,"{1,2}"
perm-task_outcome-list,default-workspace,superadmin-001,superadmin-001,Task Outcome: List,task_outcome:list,PERMISSION_TYPE_ALLOW,true,"{1,2}"
perm-task_outcome_check-create,default-workspace,superadmin-001,superadmin-001,Task Outcome Check: Create,task_outcome_check:create,PERMISSION_TYPE_ALLOW,true,"{1,2}"
perm-task_outcome_check-read,default-workspace,superadmin-001,superadmin-001,Task Outcome Check: Read,task_outcome_check:read,PERMISSION_TYPE_ALLOW,true,"{1,2}"
perm-task_outcome_check-update,default-workspace,superadmin-001,superadmin-001,Task Outcome Check: Update,task_outcome_check:update,PERMISSION_TYPE_ALLOW,true,"{1,2}"
perm-task_outcome_check-delete,default-workspace,superadmin-001,superadmin-001,Task Outcome Check: Delete,task_outcome_check:delete,PERMISSION_TYPE_ALLOW,true,"{1,2}"
perm-task_outcome_check-list,default-workspace,superadmin-001,superadmin-001,Task Outcome Check: List,task_outcome_check:list,PERMISSION_TYPE_ALLOW,true,"{1,2}"
perm-phase_outcome_summary-create,default-workspace,superadmin-001,superadmin-001,Phase Outcome Summary: Create,phase_outcome_summary:create,PERMISSION_TYPE_ALLOW,true,"{1,2}"
perm-phase_outcome_summary-read,default-workspace,superadmin-001,superadmin-001,Phase Outcome Summary: Read,phase_outcome_summary:read,PERMISSION_TYPE_ALLOW,true,"{1,2}"
perm-phase_outcome_summary-update,default-workspace,superadmin-001,superadmin-001,Phase Outcome Summary: Update,phase_outcome_summary:update,PERMISSION_TYPE_ALLOW,true,"{1,2}"
perm-phase_outcome_summary-delete,default-workspace,superadmin-001,superadmin-001,Phase Outcome Summary: Delete,phase_outcome_summary:delete,PERMISSION_TYPE_ALLOW,true,"{1,2}"
perm-phase_outcome_summary-list,default-workspace,superadmin-001,superadmin-001,Phase Outcome Summary: List,phase_outcome_summary:list,PERMISSION_TYPE_ALLOW,true,"{1,2}"
perm-job_outcome_summary-create,default-workspace,superadmin-001,superadmin-001,Job Outcome Summary: Create,job_outcome_summary:create,PERMISSION_TYPE_ALLOW,true,"{1,2}"
perm-job_outcome_summary-read,default-workspace,superadmin-001,superadmin-001,Job Outcome Summary: Read,job_outcome_summary:read,PERMISSION_TYPE_ALLOW,true,"{1,2}"
perm-job_outcome_summary-update,default-workspace,superadmin-001,superadmin-001,Job Outcome Summary: Update,job_outcome_summary:update,PERMISSION_TYPE_ALLOW,true,"{1,2}"
perm-job_outcome_summary-delete,default-workspace,superadmin-001,superadmin-001,Job Outcome Summary: Delete,job_outcome_summary:delete,PERMISSION_TYPE_ALLOW,true,"{1,2}"
perm-job_outcome_summary-list,default-workspace,superadmin-001,superadmin-001,Job Outcome Summary: List,job_outcome_summary:list,PERMISSION_TYPE_ALLOW,true,"{1,2}"
perm-document_template-create,default-workspace,superadmin-001,superadmin-001,Document Template: Create,document_template:create,PERMISSION_TYPE_ALLOW,true,"{1,2}"
perm-document_template-list,default-workspace,superadmin-001,superadmin-001,Document Template: List,document_template:list,PERMISSION_TYPE_ALLOW,true,"{1,2}"
perm-document_template-delete,default-workspace,superadmin-001,superadmin-001,Document Template: Delete,document_template:delete,PERMISSION_TYPE_ALLOW,true,"{1,2}"
perm-job_outcome_summary_document_template-create,default-workspace,superadmin-001,superadmin-001,Job Outcome Summary Document Template: Create,job_outcome_summary_document_template:create,PERMISSION_TYPE_ALLOW,true,"{1,2}"
perm-job_outcome_summary_document_template-list,default-workspace,superadmin-001,superadmin-001,Job Outcome Summary Document Template: List,job_outcome_summary_document_template:list,PERMISSION_TYPE_ALLOW,true,"{1,2}"
perm-job_outcome_summary_document_template-update,default-workspace,superadmin-001,superadmin-001,Job Outcome Summary Document Template: Update,job_outcome_summary_document_template:update,PERMISSION_TYPE_ALLOW,true,"{1,2}"
perm-job_outcome_summary_document_template-delete,default-workspace,superadmin-001,superadmin-001,Job Outcome Summary Document Template: Delete,job_outcome_summary_document_template:delete,PERMISSION_TYPE_ALLOW,true,"{1,2}"
perm-account-create,default-workspace,superadmin-001,superadmin-001,Account: Create,account:create,PERMISSION_TYPE_ALLOW,true,"{1,2}"
perm-account-read,default-workspace,superadmin-001,superadmin-001,Account: Read,account:read,PERMISSION_TYPE_ALLOW,true,"{1,2}"
perm-account-update,default-workspace,superadmin-001,superadmin-001,Account: Update,account:update,PERMISSION_TYPE_ALLOW,true,"{1,2}"
perm-account-delete,default-workspace,superadmin-001,superadmin-001,Account: Delete,account:delete,PERMISSION_TYPE_ALLOW,true,"{1,2}"
perm-account-list,default-workspace,superadmin-001,superadmin-001,Account: List,account:list,PERMISSION_TYPE_ALLOW,true,"{1,2}"
perm-journal-create,default-workspace,superadmin-001,superadmin-001,Journal: Create,journal:create,PERMISSION_TYPE_ALLOW,true,"{1,2}"
perm-journal-read,default-workspace,superadmin-001,superadmin-001,Journal: Read,journal:read,PERMISSION_TYPE_ALLOW,true,"{1,2}"
perm-journal-update,default-workspace,superadmin-001,superadmin-001,Journal: Update,journal:update,PERMISSION_TYPE_ALLOW,true,"{1,2}"
perm-journal-delete,default-workspace,superadmin-001,superadmin-001,Journal: Delete,journal:delete,PERMISSION_TYPE_ALLOW,true,"{1,2}"
perm-journal-list,default-workspace,superadmin-001,superadmin-001,Journal: List,journal:list,PERMISSION_TYPE_ALLOW,true,"{1,2}"
perm-period-create,default-workspace,superadmin-001,superadmin-001,Period: Create,period:create,PERMISSION_TYPE_ALLOW,true,"{1,2}"
perm-period-read,default-workspace,superadmin-001,superadmin-001,Period: Read,period:read,PERMISSION_TYPE_ALLOW,true,"{1,2}"
perm-period-update,default-workspace,superadmin-001,superadmin-001,Period: Update,period:update,PERMISSION_TYPE_ALLOW,true,"{1,2}"
perm-period-delete,default-workspace,superadmin-001,superadmin-001,Period: Delete,period:delete,PERMISSION_TYPE_ALLOW,true,"{1,2}"
perm-period-list,default-workspace,superadmin-001,superadmin-001,Period: List,period:list,PERMISSION_TYPE_ALLOW,true,"{1,2}"
perm-loan-create,default-workspace,superadmin-001,superadmin-001,Loan: Create,loan:create,PERMISSION_TYPE_ALLOW,true,"{1,2}"
perm-loan-read,default-workspace,superadmin-001,superadmin-001,Loan: Read,loan:read,PERMISSION_TYPE_ALLOW,true,"{1,2}"
perm-loan-update,default-workspace,superadmin-001,superadmin-001,Loan: Update,loan:update,PERMISSION_TYPE_ALLOW,true,"{1,2}"
perm-loan-delete,default-workspace,superadmin-001,superadmin-001,Loan: Delete,loan:delete,PERMISSION_TYPE_ALLOW,true,"{1,2}"
perm-loan-list,default-workspace,superadmin-001,superadmin-001,Loan: List,loan:list,PERMISSION_TYPE_ALLOW,true,"{1,2}"
perm-equity-create,default-workspace,superadmin-001,superadmin-001,Equity: Create,equity:create,PERMISSION_TYPE_ALLOW,true,"{1,2}"
perm-equity-read,default-workspace,superadmin-001,superadmin-001,Equity: Read,equity:read,PERMISSION_TYPE_ALLOW,true,"{1,2}"
perm-equity-update,default-workspace,superadmin-001,superadmin-001,Equity: Update,equity:update,PERMISSION_TYPE_ALLOW,true,"{1,2}"
perm-equity-delete,default-workspace,superadmin-001,superadmin-001,Equity: Delete,equity:delete,PERMISSION_TYPE_ALLOW,true,"{1,2}"
perm-equity-list,default-workspace,superadmin-001,superadmin-001,Equity: List,equity:list,PERMISSION_TYPE_ALLOW,true,"{1,2}"
perm-payroll-create,default-workspace,superadmin-001,superadmin-001,Payroll: Create,payroll:create,PERMISSION_TYPE_ALLOW,true,"{1,2}"
perm-payroll-read,default-workspace,superadmin-001,superadmin-001,Payroll: Read,payroll:read,PERMISSION_TYPE_ALLOW,true,"{1,2}"
perm-payroll-update,default-workspace,superadmin-001,superadmin-001,Payroll: Update,payroll:update,PERMISSION_TYPE_ALLOW,true,"{1,2}"
perm-payroll-delete,default-workspace,superadmin-001,superadmin-001,Payroll: Delete,payroll:delete,PERMISSION_TYPE_ALLOW,true,"{1,2}"
perm-payroll-list,default-workspace,superadmin-001,superadmin-001,Payroll: List,payroll:list,PERMISSION_TYPE_ALLOW,true,"{1,2}"
perm-petty_cash-create,default-workspace,superadmin-001,superadmin-001,Petty Cash: Create,petty_cash:create,PERMISSION_TYPE_ALLOW,true,"{1,2}"
perm-petty_cash-read,default-workspace,superadmin-001,superadmin-001,Petty Cash: Read,petty_cash:read,PERMISSION_TYPE_ALLOW,true,"{1,2}"
perm-petty_cash-update,default-workspace,superadmin-001,superadmin-001,Petty Cash: Update,petty_cash:update,PERMISSION_TYPE_ALLOW,true,"{1,2}"
perm-petty_cash-delete,default-workspace,superadmin-001,superadmin-001,Petty Cash: Delete,petty_cash:delete,PERMISSION_TYPE_ALLOW,true,"{1,2}"
perm-petty_cash-list,default-workspace,superadmin-001,superadmin-001,Petty Cash: List,petty_cash:list,PERMISSION_TYPE_ALLOW,true,"{1,2}"
perm-prepayment-create,default-workspace,superadmin-001,superadmin-001,Prepayment: Create,prepayment:create,PERMISSION_TYPE_ALLOW,true,"{1,2}"
perm-prepayment-read,default-workspace,superadmin-001,superadmin-001,Prepayment: Read,prepayment:read,PERMISSION_TYPE_ALLOW,true,"{1,2}"
perm-prepayment-update,default-workspace,superadmin-001,superadmin-001,Prepayment: Update,prepayment:update,PERMISSION_TYPE_ALLOW,true,"{1,2}"
perm-prepayment-delete,default-workspace,superadmin-001,superadmin-001,Prepayment: Delete,prepayment:delete,PERMISSION_TYPE_ALLOW,true,"{1,2}"
perm-prepayment-list,default-workspace,superadmin-001,superadmin-001,Prepayment: List,prepayment:list,PERMISSION_TYPE_ALLOW,true,"{1,2}"
perm-deposit-create,default-workspace,superadmin-001,superadmin-001,Deposit: Create,deposit:create,PERMISSION_TYPE_ALLOW,true,"{1,2}"
perm-deposit-read,default-workspace,superadmin-001,superadmin-001,Deposit: Read,deposit:read,PERMISSION_TYPE_ALLOW,true,"{1,2}"
perm-deposit-update,default-workspace,superadmin-001,superadmin-001,Deposit: Update,deposit:update,PERMISSION_TYPE_ALLOW,true,"{1,2}"
perm-deposit-delete,default-workspace,superadmin-001,superadmin-001,Deposit: Delete,deposit:delete,PERMISSION_TYPE_ALLOW,true,"{1,2}"
perm-deposit-list,default-workspace,superadmin-001,superadmin-001,Deposit: List,deposit:list,PERMISSION_TYPE_ALLOW,true,"{1,2}"
perm-integration_config-create,default-workspace,superadmin-001,superadmin-001,Integration Config: Create,integration_config:create,PERMISSION_TYPE_ALLOW,true,"{1,2}"
perm-integration_config-read,default-workspace,superadmin-001,superadmin-001,Integration Config: Read,integration_config:read,PERMISSION_TYPE_ALLOW,true,"{1,2}"
perm-integration_config-update,default-workspace,superadmin-001,superadmin-001,Integration Config: Update,integration_config:update,PERMISSION_TYPE_ALLOW,true,"{1,2}"
perm-integration_config-delete,default-workspace,superadmin-001,superadmin-001,Integration Config: Delete,integration_config:delete,PERMISSION_TYPE_ALLOW,true,"{1,2}"
perm-integration_config-list,default-workspace,superadmin-001,superadmin-001,Integration Config: List,integration_config:list,PERMISSION_TYPE_ALLOW,true,"{1,2}"
perm-role_permission-create,default-workspace,superadmin-001,superadmin-001,Role Permission: Create,role_permission:create,PERMISSION_TYPE_ALLOW,true,"{1,2}"
perm-role_permission-read,default-workspace,superadmin-001,superadmin-001,Role Permission: Read,role_permission:read,PERMISSION_TYPE_ALLOW,true,"{1,2}"
perm-role_permission-delete,default-workspace,superadmin-001,superadmin-001,Role Permission: Delete,role_permission:delete,PERMISSION_TYPE_ALLOW,true,"{1,2}"
perm-role_permission-list,default-workspace,superadmin-001,superadmin-001,Role Permission: List,role_permission:list,PERMISSION_TYPE_ALLOW,true,"{1,2}"
perm-event_occurrence-read,default-workspace,superadmin-001,superadmin-001,Event Occurrence: Read,event_occurrence:read,PERMISSION_TYPE_ALLOW,true,"{1,2}"
perm-event_occurrence-list,default-workspace,superadmin-001,superadmin-001,Event Occurrence: List,event_occurrence:list,PERMISSION_TYPE_ALLOW,true,"{1,2}"
perm-fulfillment_return-list,default-workspace,superadmin-001,superadmin-001,Fulfillment Return: List,fulfillment_return:list,PERMISSION_TYPE_ALLOW,true,"{1,2}"
perm-fulfillment_return-create,default-workspace,superadmin-001,superadmin-001,Fulfillment Return: Create,fulfillment_return:create,PERMISSION_TYPE_ALLOW,true,"{1,2}"
perm-fulfillment_return-read,default-workspace,superadmin-001,superadmin-001,Fulfillment Return: Read,fulfillment_return:read,PERMISSION_TYPE_ALLOW,true,"{1,2}"
perm-reports-view,default-workspace,superadmin-001,superadmin-001,Reports: View,reports:view,PERMISSION_TYPE_ALLOW,true,"{1,2}"
perm-dashboard-view,default-workspace,superadmin-001,superadmin-001,Dashboard: View,dashboard:view,PERMISSION_TYPE_ALLOW,true,"{1,2}"
perm-ledger-view,default-workspace,superadmin-001,superadmin-001,Ledger: View,ledger:view,PERMISSION_TYPE_ALLOW,true,"{1,2}"
perm-journal-post,default-workspace,superadmin-001,superadmin-001,Journal: Post,journal:post,PERMISSION_TYPE_ALLOW,true,"{1,2}"
perm-journal-post_manual,default-workspace,superadmin-001,superadmin-001,Journal: Post Manual,journal:post_manual,PERMISSION_TYPE_ALLOW,true,"{1,2}"
perm-journal-post_manual_approve,default-workspace,superadmin-001,superadmin-001,Journal: Post Manual Approve,journal:post_manual_approve,PERMISSION_TYPE_ALLOW,true,"{1,2}"
perm-journal-reverse,default-workspace,superadmin-001,superadmin-001,Journal: Reverse,journal:reverse,PERMISSION_TYPE_ALLOW,true,"{1,2}"
perm-period-close,default-workspace,superadmin-001,superadmin-001,Period: Close,period:close,PERMISSION_TYPE_ALLOW,true,"{1,2}"
perm-period-reopen,default-workspace,superadmin-001,superadmin-001,Period: Reopen,period:reopen,PERMISSION_TYPE_ALLOW,true,"{1,2}"
perm-loan-payment,default-workspace,superadmin-001,superadmin-001,Loan: Payment,loan:payment,PERMISSION_TYPE_ALLOW,true,"{1,2}"
perm-petty_cash-replenish,default-workspace,superadmin-001,superadmin-001,Petty Cash: Replenish,petty_cash:replenish,PERMISSION_TYPE_ALLOW,true,"{1,2}"
perm-deposit-apply,default-workspace,superadmin-001,superadmin-001,Deposit: Apply,deposit:apply,PERMISSION_TYPE_ALLOW,true,"{1,2}"
perm-deposit-refund,default-workspace,superadmin-001,superadmin-001,Deposit: Refund,deposit:refund,PERMISSION_TYPE_ALLOW,true,"{1,2}"
perm-bad_debt-configure,default-workspace,superadmin-001,superadmin-001,Bad Debt: Configure,bad_debt:configure,PERMISSION_TYPE_ALLOW,true,"{1,2}"
perm-bad_debt-provision,default-workspace,superadmin-001,superadmin-001,Bad Debt: Provision,bad_debt:provision,PERMISSION_TYPE_ALLOW,true,"{1,2}"
perm-payroll-approve,default-workspace,superadmin-001,superadmin-001,Payroll: Approve,payroll:approve,PERMISSION_TYPE_ALLOW,true,"{1,2}"
perm-payroll-post,default-workspace,superadmin-001,superadmin-001,Payroll: Post,payroll:post,PERMISSION_TYPE_ALLOW,true,"{1,2}"
perm-fulfillment-transition,default-workspace,superadmin-001,superadmin-001,Fulfillment: Transition,fulfillment:transition,PERMISSION_TYPE_ALLOW,true,"{1,2}"
perm-integration-view,default-workspace,superadmin-001,superadmin-001,Integration: View,integration:view,PERMISSION_TYPE_ALLOW,true,"{1,2}"
perm-integration-manage,default-workspace,superadmin-001,superadmin-001,Integration: Manage,integration:manage,PERMISSION_TYPE_ALLOW,true,"{1,2}"
perm-audit_trail-read,default-workspace,superadmin-001,superadmin-001,Audit Trail: Read,audit_trail:read,PERMISSION_TYPE_ALLOW,true,"{1,2}"
perm-audit_trail-export,default-workspace,superadmin-001,superadmin-001,Audit Trail: Export,audit_trail:export,PERMISSION_TYPE_ALLOW,true,"{1,2}"
perm-supplies-create,default-workspace,superadmin-001,superadmin-001,Supplies: Create,supplies:create,PERMISSION_TYPE_ALLOW,true,"{1,2}"
perm-supplies-read,default-workspace,superadmin-001,superadmin-001,Supplies: Read,supplies:read,PERMISSION_TYPE_ALLOW,true,"{1,2}"
perm-supplies-update,default-workspace,superadmin-001,superadmin-001,Supplies: Update,supplies:update,PERMISSION_TYPE_ALLOW,true,"{1,2}"
perm-supplies-delete,default-workspace,superadmin-001,superadmin-001,Supplies: Delete,supplies:delete,PERMISSION_TYPE_ALLOW,true,"{1,2}"
perm-supplies-list,default-workspace,superadmin-001,superadmin-001,Supplies: List,supplies:list,PERMISSION_TYPE_ALLOW,true,"{1,2}"
perm-revenue-create,default-workspace,superadmin-001,superadmin-001,Revenue: Create,revenue:create,PERMISSION_TYPE_ALLOW,true,"{1,2}"
perm-revenue-read,default-workspace,superadmin-001,superadmin-001,Revenue: Read,revenue:read,PERMISSION_TYPE_ALLOW,true,"{1,2,3,4}"
perm-revenue-update,default-workspace,superadmin-001,superadmin-001,Revenue: Update,revenue:update,PERMISSION_TYPE_ALLOW,true,"{1,2}"
perm-revenue-delete,default-workspace,superadmin-001,superadmin-001,Revenue: Delete,revenue:delete,PERMISSION_TYPE_ALLOW,true,"{1,2}"
perm-revenue-list,default-workspace,superadmin-001,superadmin-001,Revenue: List,revenue:list,PERMISSION_TYPE_ALLOW,true,"{1,2,3,4}"
perm-revenue-line-item-create,default-workspace,superadmin-001,superadmin-001,Revenue Line Item: Create,revenue_line_item:create,PERMISSION_TYPE_ALLOW,true,"{1,2}"
perm-revenue-line-item-read,default-workspace,superadmin-001,superadmin-001,Revenue Line Item: Read,revenue_line_item:read,PERMISSION_TYPE_ALLOW,true,"{1,2}"
perm-revenue-line-item-update,default-workspace,superadmin-001,superadmin-001,Revenue Line Item: Update,revenue_line_item:update,PERMISSION_TYPE_ALLOW,true,"{1,2}"
perm-revenue-line-item-delete,default-workspace,superadmin-001,superadmin-001,Revenue Line Item: Delete,revenue_line_item:delete,PERMISSION_TYPE_ALLOW,true,"{1,2}"
perm-revenue-line-item-list,default-workspace,superadmin-001,superadmin-001,Revenue Line Item: List,revenue_line_item:list,PERMISSION_TYPE_ALLOW,true,"{1,2}"
perm-supplier_contract-list,default-workspace,superadmin-001,superadmin-001,Supplier Contract: List,supplier_contract:list,PERMISSION_TYPE_ALLOW,true,"{1,2,5,6}"
perm-supplier_contract-create,default-workspace,superadmin-001,superadmin-001,Supplier Contract: Create,supplier_contract:create,PERMISSION_TYPE_ALLOW,true,"{1,2}"
perm-supplier_contract-update,default-workspace,superadmin-001,superadmin-001,Supplier Contract: Update,supplier_contract:update,PERMISSION_TYPE_ALLOW,true,"{1,2}"
perm-supplier_contract-delete,default-workspace,superadmin-001,superadmin-001,Supplier Contract: Delete,supplier_contract:delete,PERMISSION_TYPE_ALLOW,true,"{1,2}"
perm-supplier_contract-approve,default-workspace,superadmin-001,superadmin-001,Supplier Contract: Approve,supplier_contract:approve,PERMISSION_TYPE_ALLOW,true,"{1,2}"
perm-supplier_contract-terminate,default-workspace,superadmin-001,superadmin-001,Supplier Contract: Terminate,supplier_contract:terminate,PERMISSION_TYPE_ALLOW,true,"{1,2}"
perm-supplier_contract_line-list,default-workspace,superadmin-001,superadmin-001,Supplier Contract Line: List,supplier_contract_line:list,PERMISSION_TYPE_ALLOW,true,"{1,2}"
perm-supplier_contract_line-create,default-workspace,superadmin-001,superadmin-001,Supplier Contract Line: Create,supplier_contract_line:create,PERMISSION_TYPE_ALLOW,true,"{1,2}"
perm-supplier_contract_line-update,default-workspace,superadmin-001,superadmin-001,Supplier Contract Line: Update,supplier_contract_line:update,PERMISSION_TYPE_ALLOW,true,"{1,2}"
perm-supplier_contract_line-delete,default-workspace,superadmin-001,superadmin-001,Supplier Contract Line: Delete,supplier_contract_line:delete,PERMISSION_TYPE_ALLOW,true,"{1,2}"
perm-procurement_request-list,default-workspace,superadmin-001,superadmin-001,Procurement Request: List,procurement_request:list,PERMISSION_TYPE_ALLOW,true,"{1,2}"
perm-procurement_request-create,default-workspace,superadmin-001,superadmin-001,Procurement Request: Create,procurement_request:create,PERMISSION_TYPE_ALLOW,true,"{1,2}"
perm-procurement_request-update,default-workspace,superadmin-001,superadmin-001,Procurement Request: Update,procurement_request:update,PERMISSION_TYPE_ALLOW,true,"{1,2}"
perm-procurement_request-delete,default-workspace,superadmin-001,superadmin-001,Procurement Request: Delete,procurement_request:delete,PERMISSION_TYPE_ALLOW,true,"{1,2}"
perm-procurement_request-submit,default-workspace,superadmin-001,superadmin-001,Procurement Request: Submit,procurement_request:submit,PERMISSION_TYPE_ALLOW,true,"{1,2}"
perm-procurement_request-approve,default-workspace,superadmin-001,superadmin-001,Procurement Request: Approve,procurement_request:approve,PERMISSION_TYPE_ALLOW,true,"{1,2}"
perm-procurement_request-reject,default-workspace,superadmin-001,superadmin-001,Procurement Request: Reject,procurement_request:reject,PERMISSION_TYPE_ALLOW,true,"{1,2}"
perm-procurement_request_line-list,default-workspace,superadmin-001,superadmin-001,Procurement Request Line: List,procurement_request_line:list,PERMISSION_TYPE_ALLOW,true,"{1,2}"
perm-procurement_request_line-create,default-workspace,superadmin-001,superadmin-001,Procurement Request Line: Create,procurement_request_line:create,PERMISSION_TYPE_ALLOW,true,"{1,2}"
perm-procurement_request_line-update,default-workspace,superadmin-001,superadmin-001,Procurement Request Line: Update,procurement_request_line:update,PERMISSION_TYPE_ALLOW,true,"{1,2}"
perm-procurement_request_line-delete,default-workspace,superadmin-001,superadmin-001,Procurement Request Line: Delete,procurement_request_line:delete,PERMISSION_TYPE_ALLOW,true,"{1,2}"
perm-payroll-read,default-workspace,superadmin-001,superadmin-001,Payroll: Read,payroll:read,PERMISSION_TYPE_ALLOW,true,"{1,2}"
perm-payroll-write,default-workspace,superadmin-001,superadmin-001,Payroll: Write,payroll:write,PERMISSION_TYPE_ALLOW,true,"{1,2}"
perm-payroll-read-compensation,default-workspace,superadmin-001,superadmin-001,Payroll: Read Compensation,payroll:read:compensation,PERMISSION_TYPE_ALLOW,true,"{1,2}"
perm-payroll_run-read,default-workspace,superadmin-001,superadmin-001,Payroll Run: Read,payroll_run:read,PERMISSION_TYPE_ALLOW,true,"{1,2}"
perm-payroll_run-write,default-workspace,superadmin-001,superadmin-001,Payroll Run: Write,payroll_run:write,PERMISSION_TYPE_ALLOW,true,"{1,2}"
perm-payroll_run-calculate,default-workspace,superadmin-001,superadmin-001,Payroll Run: Calculate,payroll_run:calculate,PERMISSION_TYPE_ALLOW,true,"{1,2}"
perm-payroll_run-approve,default-workspace,superadmin-001,superadmin-001,Payroll Run: Approve,payroll_run:approve,PERMISSION_TYPE_ALLOW,true,"{1,2}"
perm-payroll_run-post,default-workspace,superadmin-001,superadmin-001,Payroll Run: Post,payroll_run:post,PERMISSION_TYPE_ALLOW,true,"{1,2}"
perm-pay_cycle-read,default-workspace,superadmin-001,superadmin-001,Pay Cycle: Read,pay_cycle:read,PERMISSION_TYPE_ALLOW,true,"{1,2}"
perm-pay_cycle-write,default-workspace,superadmin-001,superadmin-001,Pay Cycle: Write,pay_cycle:write,PERMISSION_TYPE_ALLOW,true,"{1,2}"
perm-pay_cycle-reopen,default-workspace,superadmin-001,superadmin-001,Pay Cycle: Reopen,pay_cycle:reopen,PERMISSION_TYPE_ALLOW,true,"{1,2}"
perm-rate_table-read,default-workspace,superadmin-001,superadmin-001,Rate Table: Read,rate_table:read,PERMISSION_TYPE_ALLOW,true,"{1,2}"
perm-rate_table-write,default-workspace,superadmin-001,superadmin-001,Rate Table: Write,rate_table:write,PERMISSION_TYPE_ALLOW,true,"{1,2}"
perm-leave_type-read,default-workspace,superadmin-001,superadmin-001,Leave Type: Read,leave_type:read,PERMISSION_TYPE_ALLOW,true,"{1,2}"
perm-leave_type-write,default-workspace,superadmin-001,superadmin-001,Leave Type: Write,leave_type:write,PERMISSION_TYPE_ALLOW,true,"{1,2}"
perm-leave_balance-read,default-workspace,superadmin-001,superadmin-001,Leave Balance: Read,leave_balance:read,PERMISSION_TYPE_ALLOW,true,"{1,2}"
perm-leave_balance-write,default-workspace,superadmin-001,superadmin-001,Leave Balance: Write,leave_balance:write,PERMISSION_TYPE_ALLOW,true,"{1,2}"
perm-leave_request-read,default-workspace,superadmin-001,superadmin-001,Leave Request: Read,leave_request:read,PERMISSION_TYPE_ALLOW,true,"{1,2}"
perm-leave_request-write,default-workspace,superadmin-001,superadmin-001,Leave Request: Write,leave_request:write,PERMISSION_TYPE_ALLOW,true,"{1,2}"
perm-leave_request-approve,default-workspace,superadmin-001,superadmin-001,Leave Request: Approve,leave_request:approve,PERMISSION_TYPE_ALLOW,true,"{1,2}"
perm-supplier-read-vendor,default-workspace,superadmin-001,superadmin-001,Supplier: Read Vendor,supplier:read:vendor,PERMISSION_TYPE_ALLOW,true,"{1,2}"
perm-supplier-read-employee,default-workspace,superadmin-001,superadmin-001,Supplier: Read Employee,supplier:read:employee,PERMISSION_TYPE_ALLOW,true,"{1,2}"
perm-supplier-write-vendor,default-workspace,superadmin-001,superadmin-001,Supplier: Write Vendor,supplier:write:vendor,PERMISSION_TYPE_ALLOW,true,"{1,2}"
perm-supplier-write-employee,default-workspace,superadmin-001,superadmin-001,Supplier: Write Employee,supplier:write:employee,PERMISSION_TYPE_ALLOW,true,"{1,2}"
perm-supplier_dependent-read,default-workspace,superadmin-001,superadmin-001,Supplier Dependent: Read,supplier_dependent:read,PERMISSION_TYPE_ALLOW,true,"{1,2}"
perm-supplier_dependent-write,default-workspace,superadmin-001,superadmin-001,Supplier Dependent: Write,supplier_dependent:write,PERMISSION_TYPE_ALLOW,true,"{1,2}"
perm-supplier_lifecycle_event-read,default-workspace,superadmin-001,superadmin-001,Supplier Lifecycle Event: Read,supplier_lifecycle_event:read,PERMISSION_TYPE_ALLOW,true,"{1,2}"
perm-supplier_lifecycle_event-write,default-workspace,superadmin-001,superadmin-001,Supplier Lifecycle Event: Write,supplier_lifecycle_event:write,PERMISSION_TYPE_ALLOW,true,"{1,2}"
perm-milestone-set_status,default-workspace,superadmin-001,superadmin-001,Milestone: Set Status,milestone:set_status,PERMISSION_TYPE_ALLOW,true,"{1,2}"
perm-supplier_contract_price_schedule-list,default-workspace,superadmin-001,superadmin-001,Supplier Contract Price Schedule: List,supplier_contract_price_schedule:list,PERMISSION_TYPE_ALLOW,true,"{1,2}"
perm-supplier_contract_price_schedule-create,default-workspace,superadmin-001,superadmin-001,Supplier Contract Price Schedule: Create,supplier_contract_price_schedule:create,PERMISSION_TYPE_ALLOW,true,"{1,2}"
perm-supplier_contract_price_schedule-update,default-workspace,superadmin-001,superadmin-001,Supplier Contract Price Schedule: Update,supplier_contract_price_schedule:update,PERMISSION_TYPE_ALLOW,true,"{1,2}"
perm-supplier_contract_price_schedule-delete,default-workspace,superadmin-001,superadmin-001,Supplier Contract Price Schedule: Delete,supplier_contract_price_schedule:delete,PERMISSION_TYPE_ALLOW,true,"{1,2}"
perm-supplier_contract_price_schedule-activate,default-workspace,superadmin-001,superadmin-001,Supplier Contract Price Schedule: Activate,supplier_contract_price_schedule:activate,PERMISSION_TYPE_ALLOW,true,"{1,2}"
perm-supplier_contract_price_schedule-supersede,default-workspace,superadmin-001,superadmin-001,Supplier Contract Price Schedule: Supersede,supplier_contract_price_schedule:supersede,PERMISSION_TYPE_ALLOW,true,"{1,2}"
perm-supplier_contract_price_schedule_line-list,default-workspace,superadmin-001,superadmin-001,Supplier Contract Price Schedule Line: List,supplier_contract_price_schedule_line:list,PERMISSION_TYPE_ALLOW,true,"{1,2}"
perm-expense_recognition-list,default-workspace,superadmin-001,superadmin-001,Expense Recognition: List,expense_recognition:list,PERMISSION_TYPE_ALLOW,true,"{1,2}"
perm-expense_recognition-read,default-workspace,superadmin-001,superadmin-001,Expense Recognition: Read,expense_recognition:read,PERMISSION_TYPE_ALLOW,true,"{1,2}"
perm-expense_recognition-create,default-workspace,superadmin-001,superadmin-001,Expense Recognition: Create,expense_recognition:create,PERMISSION_TYPE_ALLOW,true,"{1,2}"
perm-expense_recognition-reverse,default-workspace,superadmin-001,superadmin-001,Expense Recognition: Reverse,expense_recognition:reverse,PERMISSION_TYPE_ALLOW,true,"{1,2}"
perm-accrued_expense-list,default-workspace,superadmin-001,superadmin-001,Accrued Expense: List,accrued_expense:list,PERMISSION_TYPE_ALLOW,true,"{1,2}"
perm-accrued_expense-read,default-workspace,superadmin-001,superadmin-001,Accrued Expense: Read,accrued_expense:read,PERMISSION_TYPE_ALLOW,true,"{1,2}"
perm-accrued_expense-create,default-workspace,superadmin-001,superadmin-001,Accrued Expense: Create,accrued_expense:create,PERMISSION_TYPE_ALLOW,true,"{1,2}"
perm-accrued_expense-settle,default-workspace,superadmin-001,superadmin-001,Accrued Expense: Settle,accrued_expense:settle,PERMISSION_TYPE_ALLOW,true,"{1,2}"
perm-accrued_expense-reverse,default-workspace,superadmin-001,superadmin-001,Accrued Expense: Reverse,accrued_expense:reverse,PERMISSION_TYPE_ALLOW,true,"{1,2}"
perm-user-dashboard,default-workspace,superadmin-001,superadmin-001,User: Dashboard,user:dashboard,PERMISSION_TYPE_ALLOW,true,"{1,2}"
perm-client-dashboard,default-workspace,superadmin-001,superadmin-001,Client: Dashboard,client:dashboard,PERMISSION_TYPE_ALLOW,true,"{1,2}"
perm-product-dashboard,default-workspace,superadmin-001,superadmin-001,Product: Dashboard,product:dashboard,PERMISSION_TYPE_ALLOW,true,"{1,2}"
perm-service-dashboard,default-workspace,superadmin-001,superadmin-001,Service: Dashboard,service:dashboard,PERMISSION_TYPE_ALLOW,true,"{1,2}"
perm-location-dashboard,default-workspace,superadmin-001,superadmin-001,Location: Dashboard,location:dashboard,PERMISSION_TYPE_ALLOW,true,"{1,2}"
perm-asset-dashboard,default-workspace,superadmin-001,superadmin-001,Asset: Dashboard,asset:dashboard,PERMISSION_TYPE_ALLOW,true,"{1,2}"
perm-supplier-dashboard,default-workspace,superadmin-001,superadmin-001,Supplier: Dashboard,supplier:dashboard,PERMISSION_TYPE_ALLOW,true,"{1,2}"
perm-invoice-dashboard,default-workspace,superadmin-001,superadmin-001,Invoice: Dashboard,invoice:dashboard,PERMISSION_TYPE_ALLOW,true,"{1,2}"
perm-purchase-dashboard,default-workspace,superadmin-001,superadmin-001,Purchase: Dashboard,purchase:dashboard,PERMISSION_TYPE_ALLOW,true,"{1,2}"
perm-expense-dashboard,default-workspace,superadmin-001,superadmin-001,Expense: Dashboard,expense:dashboard,PERMISSION_TYPE_ALLOW,true,"{1,2}"
perm-collection-dashboard,default-workspace,superadmin-001,superadmin-001,Collection: Dashboard,collection:dashboard,PERMISSION_TYPE_ALLOW,true,"{1,2}"
perm-reports-dashboard,default-workspace,superadmin-001,superadmin-001,Reports: Dashboard,reports:dashboard,PERMISSION_TYPE_ALLOW,true,"{1,2}"
perm-job-dashboard,default-workspace,superadmin-001,superadmin-001,Job: Dashboard,job:dashboard,PERMISSION_TYPE_ALLOW,true,"{1,2}"
perm-admin-dashboard,default-workspace,superadmin-001,superadmin-001,Admin: Dashboard,admin:dashboard,PERMISSION_TYPE_ALLOW,true,"{1,2}"
perm-ledger-dashboard,default-workspace,superadmin-001,superadmin-001,Ledger: Dashboard,ledger:dashboard,PERMISSION_TYPE_ALLOW,true,"{1,2}"
perm-payroll-dashboard,default-workspace,superadmin-001,superadmin-001,Payroll: Dashboard,payroll:dashboard,PERMISSION_TYPE_ALLOW,true,"{1,2}"
perm-loan-dashboard,default-workspace,superadmin-001,superadmin-001,Loan: Dashboard,loan:dashboard,PERMISSION_TYPE_ALLOW,true,"{1,2}"
perm-equity-dashboard,default-workspace,superadmin-001,superadmin-001,Equity: Dashboard,equity:dashboard,PERMISSION_TYPE_ALLOW,true,"{1,2}"
perm-fulfillment-dashboard,default-workspace,superadmin-001,superadmin-001,Fulfillment: Dashboard,fulfillment:dashboard,PERMISSION_TYPE_ALLOW,true,"{1,2}"
perm-event-dashboard,default-workspace,superadmin-001,superadmin-001,Event: Dashboard,event:dashboard,PERMISSION_TYPE_ALLOW,true,"{1,2}"
perm-integration-dashboard,default-workspace,superadmin-001,superadmin-001,Integration: Dashboard,integration:dashboard,PERMISSION_TYPE_ALLOW,true,"{1,2}"
perm-procurement-dashboard,default-workspace,superadmin-001,superadmin-001,Procurement: Dashboard,procurement:dashboard,PERMISSION_TYPE_ALLOW,true,"{1,2}"
perm-cost_schedule-list,default-workspace,superadmin-001,superadmin-001,Cost Schedule: List,cost_schedule:list,PERMISSION_TYPE_ALLOW,true,"{1,2}"
perm-cost_schedule-create,default-workspace,superadmin-001,superadmin-001,Cost Schedule: Create,cost_schedule:create,PERMISSION_TYPE_ALLOW,true,"{1,2}"
perm-cost_schedule-read,default-workspace,superadmin-001,superadmin-001,Cost Schedule: Read,cost_schedule:read,PERMISSION_TYPE_ALLOW,true,"{1,2}"
perm-cost_schedule-update,default-workspace,superadmin-001,superadmin-001,Cost Schedule: Update,cost_schedule:update,PERMISSION_TYPE_ALLOW,true,"{1,2}"
perm-cost_schedule-delete,default-workspace,superadmin-001,superadmin-001,Cost Schedule: Delete,cost_schedule:delete,PERMISSION_TYPE_ALLOW,true,"{1,2}"
perm-supplier_plan-list,default-workspace,superadmin-001,superadmin-001,Supplier Plan: List,supplier_plan:list,PERMISSION_TYPE_ALLOW,true,"{1,2}"
perm-supplier_plan-create,default-workspace,superadmin-001,superadmin-001,Supplier Plan: Create,supplier_plan:create,PERMISSION_TYPE_ALLOW,true,"{1,2}"
perm-supplier_plan-read,default-workspace,superadmin-001,superadmin-001,Supplier Plan: Read,supplier_plan:read,PERMISSION_TYPE_ALLOW,true,"{1,2}"
perm-supplier_plan-update,default-workspace,superadmin-001,superadmin-001,Supplier Plan: Update,supplier_plan:update,PERMISSION_TYPE_ALLOW,true,"{1,2}"
perm-supplier_plan-delete,default-workspace,superadmin-001,superadmin-001,Supplier Plan: Delete,supplier_plan:delete,PERMISSION_TYPE_ALLOW,true,"{1,2}"
perm-cost_plan-list,default-workspace,superadmin-001,superadmin-001,Cost Plan: List,cost_plan:list,PERMISSION_TYPE_ALLOW,true,"{1,2}"
perm-cost_plan-create,default-workspace,superadmin-001,superadmin-001,Cost Plan: Create,cost_plan:create,PERMISSION_TYPE_ALLOW,true,"{1,2}"
perm-cost_plan-read,default-workspace,superadmin-001,superadmin-001,Cost Plan: Read,cost_plan:read,PERMISSION_TYPE_ALLOW,true,"{1,2}"
perm-cost_plan-update,default-workspace,superadmin-001,superadmin-001,Cost Plan: Update,cost_plan:update,PERMISSION_TYPE_ALLOW,true,"{1,2}"
perm-cost_plan-delete,default-workspace,superadmin-001,superadmin-001,Cost Plan: Delete,cost_plan:delete,PERMISSION_TYPE_ALLOW,true,"{1,2}"
perm-supplier_product_plan-list,default-workspace,superadmin-001,superadmin-001,Supplier Product Plan: List,supplier_product_plan:list,PERMISSION_TYPE_ALLOW,true,"{1,2}"
perm-supplier_product_plan-create,default-workspace,superadmin-001,superadmin-001,Supplier Product Plan: Create,supplier_product_plan:create,PERMISSION_TYPE_ALLOW,true,"{1,2}"
perm-supplier_product_plan-read,default-workspace,superadmin-001,superadmin-001,Supplier Product Plan: Read,supplier_product_plan:read,PERMISSION_TYPE_ALLOW,true,"{1,2}"
perm-supplier_product_plan-update,default-workspace,superadmin-001,superadmin-001,Supplier Product Plan: Update,supplier_product_plan:update,PERMISSION_TYPE_ALLOW,true,"{1,2}"
perm-supplier_product_plan-delete,default-workspace,superadmin-001,superadmin-001,Supplier Product Plan: Delete,supplier_product_plan:delete,PERMISSION_TYPE_ALLOW,true,"{1,2}"
perm-supplier_product_cost_plan-list,default-workspace,superadmin-001,superadmin-001,Supplier Product Cost Plan: List,supplier_product_cost_plan:list,PERMISSION_TYPE_ALLOW,true,"{1,2}"
perm-supplier_product_cost_plan-create,default-workspace,superadmin-001,superadmin-001,Supplier Product Cost Plan: Create,supplier_product_cost_plan:create,PERMISSION_TYPE_ALLOW,true,"{1,2}"
perm-supplier_product_cost_plan-read,default-workspace,superadmin-001,superadmin-001,Supplier Product Cost Plan: Read,supplier_product_cost_plan:read,PERMISSION_TYPE_ALLOW,true,"{1,2}"
perm-supplier_product_cost_plan-update,default-workspace,superadmin-001,superadmin-001,Supplier Product Cost Plan: Update,supplier_product_cost_plan:update,PERMISSION_TYPE_ALLOW,true,"{1,2}"
perm-supplier_product_cost_plan-delete,default-workspace,superadmin-001,superadmin-001,Supplier Product Cost Plan: Delete,supplier_product_cost_plan:delete,PERMISSION_TYPE_ALLOW,true,"{1,2}"
perm-supplier_subscription-list,default-workspace,superadmin-001,superadmin-001,Supplier Subscription: List,supplier_subscription:list,PERMISSION_TYPE_ALLOW,true,"{1,2}"
perm-supplier_subscription-create,default-workspace,superadmin-001,superadmin-001,Supplier Subscription: Create,supplier_subscription:create,PERMISSION_TYPE_ALLOW,true,"{1,2}"
perm-supplier_subscription-read,default-workspace,superadmin-001,superadmin-001,Supplier Subscription: Read,supplier_subscription:read,PERMISSION_TYPE_ALLOW,true,"{1,2}"
perm-supplier_subscription-update,default-workspace,superadmin-001,superadmin-001,Supplier Subscription: Update,supplier_subscription:update,PERMISSION_TYPE_ALLOW,true,"{1,2}"
perm-supplier_subscription-delete,default-workspace,superadmin-001,superadmin-001,Supplier Subscription: Delete,supplier_subscription:delete,PERMISSION_TYPE_ALLOW,true,"{1,2}"
perm-tax_authority-list,default-workspace,superadmin-001,superadmin-001,Tax Authority: List,tax_authority:list,PERMISSION_TYPE_ALLOW,true,"{1,2}"
perm-tax_authority-read,default-workspace,superadmin-001,superadmin-001,Tax Authority: Read,tax_authority:read,PERMISSION_TYPE_ALLOW,true,"{1,2}"
perm-tax_registration_kind-list,default-workspace,superadmin-001,superadmin-001,Tax Registration Kind: List,tax_registration_kind:list,PERMISSION_TYPE_ALLOW,true,"{1,2}"
perm-tax_registration_kind-read,default-workspace,superadmin-001,superadmin-001,Tax Registration Kind: Read,tax_registration_kind:read,PERMISSION_TYPE_ALLOW,true,"{1,2}"
perm-tax_treatment-list,default-workspace,superadmin-001,superadmin-001,Tax Treatment: List,tax_treatment:list,PERMISSION_TYPE_ALLOW,true,"{1,2}"
perm-tax_treatment-read,default-workspace,superadmin-001,superadmin-001,Tax Treatment: Read,tax_treatment:read,PERMISSION_TYPE_ALLOW,true,"{1,2}"
perm-tax_class-list,default-workspace,superadmin-001,superadmin-001,Tax Class: List,tax_class:list,PERMISSION_TYPE_ALLOW,true,"{1,2}"
perm-tax_class-read,default-workspace,superadmin-001,superadmin-001,Tax Class: Read,tax_class:read,PERMISSION_TYPE_ALLOW,true,"{1,2}"
perm-tax_rate-list,default-workspace,superadmin-001,superadmin-001,Tax Rate: List,tax_rate:list,PERMISSION_TYPE_ALLOW,true,"{1,2}"
perm-tax_rate-read,default-workspace,superadmin-001,superadmin-001,Tax Rate: Read,tax_rate:read,PERMISSION_TYPE_ALLOW,true,"{1,2}"
perm-tax_registration-list,default-workspace,superadmin-001,superadmin-001,Tax Registration: List,tax_registration:list,PERMISSION_TYPE_ALLOW,true,"{1,2}"
perm-tax_registration-read,default-workspace,superadmin-001,superadmin-001,Tax Registration: Read,tax_registration:read,PERMISSION_TYPE_ALLOW,true,"{1,2}"
perm-tax_registration-create,default-workspace,superadmin-001,superadmin-001,Tax Registration: Create,tax_registration:create,PERMISSION_TYPE_ALLOW,true,"{1,2}"
perm-tax_registration-update,default-workspace,superadmin-001,superadmin-001,Tax Registration: Update,tax_registration:update,PERMISSION_TYPE_ALLOW,true,"{1,2}"
perm-tax_registration-delete,default-workspace,superadmin-001,superadmin-001,Tax Registration: Delete,tax_registration:delete,PERMISSION_TYPE_ALLOW,true,"{1,2}"
perm-revenue_tax_line-list,default-workspace,superadmin-001,superadmin-001,Revenue Tax Line: List,revenue_tax_line:list,PERMISSION_TYPE_ALLOW,true,"{1,2}"
perm-revenue_tax_line-read,default-workspace,superadmin-001,superadmin-001,Revenue Tax Line: Read,revenue_tax_line:read,PERMISSION_TYPE_ALLOW,true,"{1,2}"
perm-withholding_certificate-list,default-workspace,superadmin-001,superadmin-001,Withholding Certificate: List,withholding_certificate:list,PERMISSION_TYPE_ALLOW,true,"{1,2}"
perm-withholding_certificate-read,default-workspace,superadmin-001,superadmin-001,Withholding Certificate: Read,withholding_certificate:read,PERMISSION_TYPE_ALLOW,true,"{1,2}"
perm-withholding_certificate-create,default-workspace,superadmin-001,superadmin-001,Withholding Certificate: Create,withholding_certificate:create,PERMISSION_TYPE_ALLOW,true,"{1,2}"
perm-withholding_certificate-update,default-workspace,superadmin-001,superadmin-001,Withholding Certificate: Update,withholding_certificate:update,PERMISSION_TYPE_ALLOW,true,"{1,2}"
perm-withholding_certificate-delete,default-workspace,superadmin-001,superadmin-001,Withholding Certificate: Delete,withholding_certificate:delete,PERMISSION_TYPE_ALLOW,true,"{1,2}"
perm-forex_rate-list,default-workspace,superadmin-001,superadmin-001,Forex Rate: List,forex_rate:list,PERMISSION_TYPE_ALLOW,true,"{1,2}"
perm-forex_rate-read,default-workspace,superadmin-001,superadmin-001,Forex Rate: Read,forex_rate:read,PERMISSION_TYPE_ALLOW,true,"{1,2}"
perm-event_tag-create,default-workspace,superadmin-001,superadmin-001,Event Tag: Create,event_tag:create,PERMISSION_TYPE_ALLOW,true,"{1,2}"
perm-event_tag-read,default-workspace,superadmin-001,superadmin-001,Event Tag: Read,event_tag:read,PERMISSION_TYPE_ALLOW,true,"{1,2}"
perm-event_tag-update,default-workspace,superadmin-001,superadmin-001,Event Tag: Update,event_tag:update,PERMISSION_TYPE_ALLOW,true,"{1,2}"
perm-event_tag-delete,default-workspace,superadmin-001,superadmin-001,Event Tag: Delete,event_tag:delete,PERMISSION_TYPE_ALLOW,true,"{1,2}"
perm-event_tag-list,default-workspace,superadmin-001,superadmin-001,Event Tag: List,event_tag:list,PERMISSION_TYPE_ALLOW,true,"{1,2}"
perm-activity_expense-create,default-workspace,superadmin-001,superadmin-001,Activity Expense: Create,activity_expense:create,PERMISSION_TYPE_ALLOW,true,"{1,2}"
perm-activity_expense-read,default-workspace,superadmin-001,superadmin-001,Activity Expense: Read,activity_expense:read,PERMISSION_TYPE_ALLOW,true,"{1,2}"
perm-activity_expense-update,default-workspace,superadmin-001,superadmin-001,Activity Expense: Update,activity_expense:update,PERMISSION_TYPE_ALLOW,true,"{1,2}"
perm-activity_expense-delete,default-workspace,superadmin-001,superadmin-001,Activity Expense: Delete,activity_expense:delete,PERMISSION_TYPE_ALLOW,true,"{1,2}"
perm-activity_expense-list,default-workspace,superadmin-001,superadmin-001,Activity Expense: List,activity_expense:list,PERMISSION_TYPE_ALLOW,true,"{1,2}"
perm-activity_labor-create,default-workspace,superadmin-001,superadmin-001,Activity Labor: Create,activity_labor:create,PERMISSION_TYPE_ALLOW,true,"{1,2}"
perm-activity_labor-read,default-workspace,superadmin-001,superadmin-001,Activity Labor: Read,activity_labor:read,PERMISSION_TYPE_ALLOW,true,"{1,2}"
perm-activity_labor-update,default-workspace,superadmin-001,superadmin-001,Activity Labor: Update,activity_labor:update,PERMISSION_TYPE_ALLOW,true,"{1,2}"
perm-activity_labor-delete,default-workspace,superadmin-001,superadmin-001,Activity Labor: Delete,activity_labor:delete,PERMISSION_TYPE_ALLOW,true,"{1,2}"
perm-activity_labor-list,default-workspace,superadmin-001,superadmin-001,Activity Labor: List,activity_labor:list,PERMISSION_TYPE_ALLOW,true,"{1,2}"
perm-activity_material-create,default-workspace,superadmin-001,superadmin-001,Activity Material: Create,activity_material:create,PERMISSION_TYPE_ALLOW,true,"{1,2}"
perm-activity_material-read,default-workspace,superadmin-001,superadmin-001,Activity Material: Read,activity_material:read,PERMISSION_TYPE_ALLOW,true,"{1,2}"
perm-activity_material-update,default-workspace,superadmin-001,superadmin-001,Activity Material: Update,activity_material:update,PERMISSION_TYPE_ALLOW,true,"{1,2}"
perm-activity_material-delete,default-workspace,superadmin-001,superadmin-001,Activity Material: Delete,activity_material:delete,PERMISSION_TYPE_ALLOW,true,"{1,2}"
perm-activity_material-list,default-workspace,superadmin-001,superadmin-001,Activity Material: List,activity_material:list,PERMISSION_TYPE_ALLOW,true,"{1,2}"
perm-job_template_phase-create,default-workspace,superadmin-001,superadmin-001,Job Template Phase: Create,job_template_phase:create,PERMISSION_TYPE_ALLOW,true,"{1,2}"
perm-job_template_phase-read,default-workspace,superadmin-001,superadmin-001,Job Template Phase: Read,job_template_phase:read,PERMISSION_TYPE_ALLOW,true,"{1,2}"
perm-job_template_phase-update,default-workspace,superadmin-001,superadmin-001,Job Template Phase: Update,job_template_phase:update,PERMISSION_TYPE_ALLOW,true,"{1,2}"
perm-job_template_phase-delete,default-workspace,superadmin-001,superadmin-001,Job Template Phase: Delete,job_template_phase:delete,PERMISSION_TYPE_ALLOW,true,"{1,2}"
perm-job_template_phase-list,default-workspace,superadmin-001,superadmin-001,Job Template Phase: List,job_template_phase:list,PERMISSION_TYPE_ALLOW,true,"{1,2}"
perm-job_template_task-create,default-workspace,superadmin-001,superadmin-001,Job Template Task: Create,job_template_task:create,PERMISSION_TYPE_ALLOW,true,"{1,2}"
perm-job_template_task-read,default-workspace,superadmin-001,superadmin-001,Job Template Task: Read,job_template_task:read,PERMISSION_TYPE_ALLOW,true,"{1,2}"
perm-job_template_task-update,default-workspace,superadmin-001,superadmin-001,Job Template Task: Update,job_template_task:update,PERMISSION_TYPE_ALLOW,true,"{1,2}"
perm-job_template_task-delete,default-workspace,superadmin-001,superadmin-001,Job Template Task: Delete,job_template_task:delete,PERMISSION_TYPE_ALLOW,true,"{1,2}"
perm-job_template_task-list,default-workspace,superadmin-001,superadmin-001,Job Template Task: List,job_template_task:list,PERMISSION_TYPE_ALLOW,true,"{1,2}"
perm-job_activity-approve,default-workspace,superadmin-001,superadmin-001,Job Activity: Approve,job_activity:approve,PERMISSION_TYPE_ALLOW,true,"{1,2}"
perm-job_activity-post,default-workspace,superadmin-001,superadmin-001,Job Activity: Post,job_activity:post,PERMISSION_TYPE_ALLOW,true,"{1,2}"
perm-job_activity-reject,default-workspace,superadmin-001,superadmin-001,Job Activity: Reject,job_activity:reject,PERMISSION_TYPE_ALLOW,true,"{1,2}"
perm-job_activity-reverse,default-workspace,superadmin-001,superadmin-001,Job Activity: Reverse,job_activity:reverse,PERMISSION_TYPE_ALLOW,true,"{1,2}"
perm-job_activity-submit,default-workspace,superadmin-001,superadmin-001,Job Activity: Submit,job_activity:submit,PERMISSION_TYPE_ALLOW,true,"{1,2}"
perm-job_activity-manage,default-workspace,superadmin-001,superadmin-001,Job Activity: Manage,job_activity:manage,PERMISSION_TYPE_ALLOW,true,"{1,2}"
perm-tax_registration-supersede,default-workspace,superadmin-001,superadmin-001,Tax Registration: Supersede,tax_registration:supersede,PERMISSION_TYPE_ALLOW,true,"{1,2}"
perm-tax_registration-revoke,default-workspace,superadmin-001,superadmin-001,Tax Registration: Revoke,tax_registration:revoke,PERMISSION_TYPE_ALLOW,true,"{1,2}"
perm-disbursement-create,default-workspace,superadmin-001,superadmin-001,Disbursement: Create,disbursement:create,PERMISSION_TYPE_ALLOW,true,"{1,2}"
perm-disbursement-read,default-workspace,superadmin-001,superadmin-001,Disbursement: Read,disbursement:read,PERMISSION_TYPE_ALLOW,true,"{1,2}"
perm-disbursement-update,default-workspace,superadmin-001,superadmin-001,Disbursement: Update,disbursement:update,PERMISSION_TYPE_ALLOW,true,"{1,2}"
perm-disbursement-delete,default-workspace,superadmin-001,superadmin-001,Disbursement: Delete,disbursement:delete,PERMISSION_TYPE_ALLOW,true,"{1,2}"
perm-disbursement-list,default-workspace,superadmin-001,superadmin-001,Disbursement: List,disbursement:list,PERMISSION_TYPE_ALLOW,true,"{1,2}"
perm-purchase_order-create,default-workspace,superadmin-001,superadmin-001,Purchase Order: Create,purchase_order:create,PERMISSION_TYPE_ALLOW,true,"{1,2}"
perm-purchase_order-read,default-workspace,superadmin-001,superadmin-001,Purchase Order: Read,purchase_order:read,PERMISSION_TYPE_ALLOW,true,"{1,2}"
perm-purchase_order-update,default-workspace,superadmin-001,superadmin-001,Purchase Order: Update,purchase_order:update,PERMISSION_TYPE_ALLOW,true,"{1,2}"
perm-purchase_order-delete,default-workspace,superadmin-001,superadmin-001,Purchase Order: Delete,purchase_order:delete,PERMISSION_TYPE_ALLOW,true,"{1,2}"
perm-purchase_order-list,default-workspace,superadmin-001,superadmin-001,Purchase Order: List,purchase_order:list,PERMISSION_TYPE_ALLOW,true,"{1,2}"
perm-product_line-create,default-workspace,superadmin-001,superadmin-001,Product Line: Create,product_line:create,PERMISSION_TYPE_ALLOW,true,"{1,2}"
perm-product_line-read,default-workspace,superadmin-001,superadmin-001,Product Line: Read,product_line:read,PERMISSION_TYPE_ALLOW,true,"{1,2}"
perm-product_line-update,default-workspace,superadmin-001,superadmin-001,Product Line: Update,product_line:update,PERMISSION_TYPE_ALLOW,true,"{1,2}"
perm-product_line-delete,default-workspace,superadmin-001,superadmin-001,Product Line: Delete,product_line:delete,PERMISSION_TYPE_ALLOW,true,"{1,2}"
perm-product_line-list,default-workspace,superadmin-001,superadmin-001,Product Line: List,product_line:list,PERMISSION_TYPE_ALLOW,true,"{1,2}"
perm-procurement_request-read,default-workspace,superadmin-001,superadmin-001,Procurement Request: Read,procurement_request:read,PERMISSION_TYPE_ALLOW,true,"{1,2}"
perm-supplier_contract-read,default-workspace,superadmin-001,superadmin-001,Supplier Contract: Read,supplier_contract:read,PERMISSION_TYPE_ALLOW,true,"{1,2}"
perm-supplier_contract_price_schedule-read,default-workspace,superadmin-001,superadmin-001,Supplier Contract Price Schedule: Read,supplier_contract_price_schedule:read,PERMISSION_TYPE_ALLOW,true,"{1,2}"
perm-supplier_contract_line-read,default-workspace,superadmin-001,superadmin-001,Supplier Contract Line: Read,supplier_contract_line:read,PERMISSION_TYPE_ALLOW,true,"{1,2}"
perm-supplier_contract_price_schedule_line-create,default-workspace,superadmin-001,superadmin-001,Supplier Contract Price Schedule Line: Create,supplier_contract_price_schedule_line:create,PERMISSION_TYPE_ALLOW,true,"{1,2}"
perm-supplier_contract_price_schedule_line-read,default-workspace,superadmin-001,superadmin-001,Supplier Contract Price Schedule Line: Read,supplier_contract_price_schedule_line:read,PERMISSION_TYPE_ALLOW,true,"{1,2}"
perm-supplier_contract_price_schedule_line-update,default-workspace,superadmin-001,superadmin-001,Supplier Contract Price Schedule Line: Update,supplier_contract_price_schedule_line:update,PERMISSION_TYPE_ALLOW,true,"{1,2}"
perm-supplier_contract_price_schedule_line-delete,default-workspace,superadmin-001,superadmin-001,Supplier Contract Price Schedule Line: Delete,supplier_contract_price_schedule_line:delete,PERMISSION_TYPE_ALLOW,true,"{1,2}"
perm-accrued_expense-update,default-workspace,superadmin-001,superadmin-001,Accrued Expense: Update,accrued_expense:update,PERMISSION_TYPE_ALLOW,true,"{1,2}"
perm-accrued_expense-delete,default-workspace,superadmin-001,superadmin-001,Accrued Expense: Delete,accrued_expense:delete,PERMISSION_TYPE_ALLOW,true,"{1,2}"
perm-accrued_expense_settlement-create,default-workspace,superadmin-001,superadmin-001,Accrued Expense Settlement: Create,accrued_expense_settlement:create,PERMISSION_TYPE_ALLOW,true,"{1,2}"
perm-accrued_expense_settlement-read,default-workspace,superadmin-001,superadmin-001,Accrued Expense Settlement: Read,accrued_expense_settlement:read,PERMISSION_TYPE_ALLOW,true,"{1,2}"
perm-accrued_expense_settlement-update,default-workspace,superadmin-001,superadmin-001,Accrued Expense Settlement: Update,accrued_expense_settlement:update,PERMISSION_TYPE_ALLOW,true,"{1,2}"
perm-accrued_expense_settlement-delete,default-workspace,superadmin-001,superadmin-001,Accrued Expense Settlement: Delete,accrued_expense_settlement:delete,PERMISSION_TYPE_ALLOW,true,"{1,2}"
perm-accrued_expense_settlement-list,default-workspace,superadmin-001,superadmin-001,Accrued Expense Settlement: List,accrued_expense_settlement:list,PERMISSION_TYPE_ALLOW,true,"{1,2}"
perm-expense_recognition-update,default-workspace,superadmin-001,superadmin-001,Expense Recognition: Update,expense_recognition:update,PERMISSION_TYPE_ALLOW,true,"{1,2}"
perm-expense_recognition-delete,default-workspace,superadmin-001,superadmin-001,Expense Recognition: Delete,expense_recognition:delete,PERMISSION_TYPE_ALLOW,true,"{1,2}"
perm-expense_recognition_line-create,default-workspace,superadmin-001,superadmin-001,Expense Recognition Line: Create,expense_recognition_line:create,PERMISSION_TYPE_ALLOW,true,"{1,2}"
perm-expense_recognition_line-read,default-workspace,superadmin-001,superadmin-001,Expense Recognition Line: Read,expense_recognition_line:read,PERMISSION_TYPE_ALLOW,true,"{1,2}"
perm-expense_recognition_line-update,default-workspace,superadmin-001,superadmin-001,Expense Recognition Line: Update,expense_recognition_line:update,PERMISSION_TYPE_ALLOW,true,"{1,2}"
perm-expense_recognition_line-delete,default-workspace,superadmin-001,superadmin-001,Expense Recognition Line: Delete,expense_recognition_line:delete,PERMISSION_TYPE_ALLOW,true,"{1,2}"
perm-expense_recognition_line-list,default-workspace,superadmin-001,superadmin-001,Expense Recognition Line: List,expense_recognition_line:list,PERMISSION_TYPE_ALLOW,true,"{1,2}"
perm-procurement_request_line-read,default-workspace,superadmin-001,superadmin-001,Procurement Request Line: Read,procurement_request_line:read,PERMISSION_TYPE_ALLOW,true,"{1,2}"
perm-location_area-create,default-workspace,superadmin-001,superadmin-001,Location Area: Create,location_area:create,PERMISSION_TYPE_ALLOW,true,"{1,2}"
perm-location_area-read,default-workspace,superadmin-001,superadmin-001,Location Area: Read,location_area:read,PERMISSION_TYPE_ALLOW,true,"{1,2}"
perm-location_area-update,default-workspace,superadmin-001,superadmin-001,Location Area: Update,location_area:update,PERMISSION_TYPE_ALLOW,true,"{1,2}"
perm-location_area-delete,default-workspace,superadmin-001,superadmin-001,Location Area: Delete,location_area:delete,PERMISSION_TYPE_ALLOW,true,"{1,2}"
perm-location_area-list,default-workspace,superadmin-001,superadmin-001,Location Area: List,location_area:list,PERMISSION_TYPE_ALLOW,true,"{1,2}"
perm-job_task-create,default-workspace,superadmin-001,superadmin-001,Job Task: Create,job_task:create,PERMISSION_TYPE_ALLOW,true,"{1,2}"
perm-job_task-read,default-workspace,superadmin-001,superadmin-001,Job Task: Read,job_task:read,PERMISSION_TYPE_ALLOW,true,"{1,2}"
perm-job_task-update,default-workspace,superadmin-001,superadmin-001,Job Task: Update,job_task:update,PERMISSION_TYPE_ALLOW,true,"{1,2}"
perm-job_task-delete,default-workspace,superadmin-001,superadmin-001,Job Task: Delete,job_task:delete,PERMISSION_TYPE_ALLOW,true,"{1,2}"
perm-job_task-list,default-workspace,superadmin-001,superadmin-001,Job Task: List,job_task:list,PERMISSION_TYPE_ALLOW,true,"{1,2}"
perm-fund-list,default-workspace,superadmin-001,superadmin-001,Fund: List,fund:list,PERMISSION_TYPE_ALLOW,true,"{1,2}"
perm-fund-read,default-workspace,superadmin-001,superadmin-001,Fund: Read,fund:read,PERMISSION_TYPE_ALLOW,true,"{1,2}"
perm-fund-create,default-workspace,superadmin-001,superadmin-001,Fund: Create,fund:create,PERMISSION_TYPE_ALLOW,true,"{1,2}"
perm-fund-update,default-workspace,superadmin-001,superadmin-001,Fund: Update,fund:update,PERMISSION_TYPE_ALLOW,true,"{1,2}"
perm-fund-delete,default-workspace,superadmin-001,superadmin-001,Fund: Delete,fund:delete,PERMISSION_TYPE_ALLOW,true,"{1,2}"
perm-fund-allocation-list,default-workspace,superadmin-001,superadmin-001,Fund Allocation: List,fund_allocation:list,PERMISSION_TYPE_ALLOW,true,"{1,2}"
perm-fund-allocation-read,default-workspace,superadmin-001,superadmin-001,Fund Allocation: Read,fund_allocation:read,PERMISSION_TYPE_ALLOW,true,"{1,2}"
perm-fund-allocation-create,default-workspace,superadmin-001,superadmin-001,Fund Allocation: Create,fund_allocation:create,PERMISSION_TYPE_ALLOW,true,"{1,2}"
perm-fund-allocation-update,default-workspace,superadmin-001,superadmin-001,Fund Allocation: Update,fund_allocation:update,PERMISSION_TYPE_ALLOW,true,"{1,2}"
perm-fund-allocation-delete,default-workspace,superadmin-001,superadmin-001,Fund Allocation: Delete,fund_allocation:delete,PERMISSION_TYPE_ALLOW,true,"{1,2}"
perm-fund-transaction-list,default-workspace,superadmin-001,superadmin-001,Fund Transaction: List,fund_transaction:list,PERMISSION_TYPE_ALLOW,true,"{1,2}"
perm-fund-transaction-read,default-workspace,superadmin-001,superadmin-001,Fund Transaction: Read,fund_transaction:read,PERMISSION_TYPE_ALLOW,true,"{1,2}"
perm-fund-transaction-create-draw,default-workspace,superadmin-001,superadmin-001,Fund Transaction: Create Draw,fund_transaction:create_draw,PERMISSION_TYPE_ALLOW,true,"{1,2}"
perm-fund-transaction-create-settlement,default-workspace,superadmin-001,superadmin-001,Fund Transaction: Create Settlement,fund_transaction:create_settlement,PERMISSION_TYPE_ALLOW,true,"{1,2}"
perm-fund-transaction-create-cash-in,default-workspace,superadmin-001,superadmin-001,Fund Transaction: Create Cash In,fund_transaction:create_cash_in,PERMISSION_TYPE_ALLOW,true,"{1,2}"
perm-fund-transaction-create-cash-out,default-workspace,superadmin-001,superadmin-001,Fund Transaction: Create Cash Out,fund_transaction:create_cash_out,PERMISSION_TYPE_ALLOW,true,"{1,2}"
perm-fund-transaction-void,default-workspace,superadmin-001,superadmin-001,Fund Transaction: Void,fund_transaction:void,PERMISSION_TYPE_ALLOW,true,"{1,2}"
perm-expense_recognition_run-list,default-workspace,superadmin-001,superadmin-001,Expense Recognition Run: List,expense_recognition_run:list,PERMISSION_TYPE_ALLOW,true,"{1,2}"
perm-expense_recognition_run-create,default-workspace,superadmin-001,superadmin-001,Expense Recognition Run: Create,expense_recognition_run:create,PERMISSION_TYPE_ALLOW,true,"{1,2}"
perm-expense_recognition_run-read,default-workspace,superadmin-001,superadmin-001,Expense Recognition Run: Read,expense_recognition_run:read,PERMISSION_TYPE_ALLOW,true,"{1,2}"
perm-expense_recognition_run-update,default-workspace,superadmin-001,superadmin-001,Expense Recognition Run: Update,expense_recognition_run:update,PERMISSION_TYPE_ALLOW,true,"{1,2}"
perm-expense_recognition_run-delete,default-workspace,superadmin-001,superadmin-001,Expense Recognition Run: Delete,expense_recognition_run:delete,PERMISSION_TYPE_ALLOW,true,"{1,2}"
perm-treasury_collection-list,default-workspace,superadmin-001,superadmin-001,Treasury Collection: List,treasury_collection:list,PERMISSION_TYPE_ALLOW,true,"{1,2}"
perm-treasury_collection-create,default-workspace,superadmin-001,superadmin-001,Treasury Collection: Create,treasury_collection:create,PERMISSION_TYPE_ALLOW,true,"{1,2}"
perm-treasury_collection-read,default-workspace,superadmin-001,superadmin-001,Treasury Collection: Read,treasury_collection:read,PERMISSION_TYPE_ALLOW,true,"{1,2}"
perm-treasury_collection-update,default-workspace,superadmin-001,superadmin-001,Treasury Collection: Update,treasury_collection:update,PERMISSION_TYPE_ALLOW,true,"{1,2}"
perm-treasury_collection-delete,default-workspace,superadmin-001,superadmin-001,Treasury Collection: Delete,treasury_collection:delete,PERMISSION_TYPE_ALLOW,true,"{1,2}"
perm-treasury_disbursement-list,default-workspace,superadmin-001,superadmin-001,Treasury Disbursement: List,treasury_disbursement:list,PERMISSION_TYPE_ALLOW,true,"{1,2}"
perm-treasury_disbursement-create,default-workspace,superadmin-001,superadmin-001,Treasury Disbursement: Create,treasury_disbursement:create,PERMISSION_TYPE_ALLOW,true,"{1,2}"
perm-treasury_disbursement-read,default-workspace,superadmin-001,superadmin-001,Treasury Disbursement: Read,treasury_disbursement:read,PERMISSION_TYPE_ALLOW,true,"{1,2}"
perm-treasury_disbursement-update,default-workspace,superadmin-001,superadmin-001,Treasury Disbursement: Update,treasury_disbursement:update,PERMISSION_TYPE_ALLOW,true,"{1,2}"
perm-treasury_disbursement-delete,default-workspace,superadmin-001,superadmin-001,Treasury Disbursement: Delete,treasury_disbursement:delete,PERMISSION_TYPE_ALLOW,true,"{1,2}"
perm-supplier_billing_event-list,default-workspace,superadmin-001,superadmin-001,Supplier Billing Event: List,supplier_billing_event:list,PERMISSION_TYPE_ALLOW,true,"{1,2}"
perm-supplier_billing_event-create,default-workspace,superadmin-001,superadmin-001,Supplier Billing Event: Create,supplier_billing_event:create,PERMISSION_TYPE_ALLOW,true,"{1,2}"
perm-supplier_billing_event-read,default-workspace,superadmin-001,superadmin-001,Supplier Billing Event: Read,supplier_billing_event:read,PERMISSION_TYPE_ALLOW,true,"{1,2}"
perm-supplier_billing_event-update,default-workspace,superadmin-001,superadmin-001,Supplier Billing Event: Update,supplier_billing_event:update,PERMISSION_TYPE_ALLOW,true,"{1,2}"
perm-supplier_billing_event-delete,default-workspace,superadmin-001,superadmin-001,Supplier Billing Event: Delete,supplier_billing_event:delete,PERMISSION_TYPE_ALLOW,true,"{1,2}"
perm-profile-read,default-workspace,superadmin-001,superadmin-001,Profile: Read Own,profile:read,PERMISSION_TYPE_ALLOW,true,"{1,2,3,4,5,6}"
perm-profile-update,default-workspace,superadmin-001,superadmin-001,Profile: Update Own,profile:update,PERMISSION_TYPE_ALLOW,true,"{1,2,3,4,5,6}"
perm-communication-create,default-workspace,superadmin-001,superadmin-001,Communication: Send,communication:create,PERMISSION_TYPE_ALLOW,true,"{1,2,3,4,5,6}"
perm-supplier_invoice-list,default-workspace,superadmin-001,superadmin-001,Supplier Invoice: List,supplier_invoice:list,PERMISSION_TYPE_ALLOW,true,"{1,2,5,6}"
perm-supplier_invoice-create,default-workspace,superadmin-001,superadmin-001,Supplier Invoice: Create,supplier_invoice:create,PERMISSION_TYPE_ALLOW,true,"{1,2,5,6}"
perm-delegate-switch_client,default-workspace,superadmin-001,superadmin-001,Delegate: Switch Acting-As Client,delegate:switch_client,PERMISSION_TYPE_ALLOW,true,{4}
perm-delegate-switch_supplier,default-workspace,superadmin-001,superadmin-001,Delegate: Switch Acting-As Supplier,delegate:switch_supplier,PERMISSION_TYPE_ALLOW,true,{6}
perm-document-list,default-workspace,superadmin-001,superadmin-001,Document: List,document:list,PERMISSION_TYPE_ALLOW,true,"{1,2,3,4,5,6}"
perm-conversation-create,default-workspace,superadmin-001,superadmin-001,Conversation: Create,conversation:create,PERMISSION_TYPE_ALLOW,true,"{1,2,3,4}"
perm-conversation-read,default-workspace,superadmin-001,superadmin-001,Conversation: Read,conversation:read,PERMISSION_TYPE_ALLOW,true,"{1,2,3,4}"
perm-conversation-list,default-workspace,superadmin-001,superadmin-001,Conversation: List,conversation:list,PERMISSION_TYPE_ALLOW,true,"{1,2,3,4}"
perm-conversation-update,default-workspace,superadmin-001,superadmin-001,Conversation: Update,conversation:update,PERMISSION_TYPE_ALLOW,true,"{1,2}"
perm-conversation-delete,default-workspace,superadmin-001,superadmin-001,Conversation: Delete,conversation:delete,PERMISSION_TYPE_ALLOW,true,"{1,2}"
perm-conversation_post-create,default-workspace,superadmin-001,superadmin-001,Conversation Post: Create,conversation_post:create,PERMISSION_TYPE_ALLOW,true,"{1,2,3,4}"
perm-conversation_post-read,default-workspace,superadmin-001,superadmin-001,Conversation Post: Read,conversation_post:read,PERMISSION_TYPE_ALLOW,true,"{1,2,3,4}"
perm-conversation-triage_all,default-workspace,superadmin-001,superadmin-001,Conversation: Triage All,conversation:triage_all,PERMISSION_TYPE_ALLOW,true,"{1,2}"
perm-work_request-triage_all,default-workspace,superadmin-001,superadmin-001,Work Request: Triage All,work_request:triage_all,PERMISSION_TYPE_ALLOW,true,"{1,2}"
perm-client_workspace_user-create,default-workspace,superadmin-001,superadmin-001,Client Workspace User: Create,client_workspace_user:create,PERMISSION_TYPE_ALLOW,true,"{1,2}"
perm-client_workspace_user-read,default-workspace,superadmin-001,superadmin-001,Client Workspace User: Read,client_workspace_user:read,PERMISSION_TYPE_ALLOW,true,"{1,2}"
perm-client_workspace_user-update,default-workspace,superadmin-001,superadmin-001,Client Workspace User: Update,client_workspace_user:update,PERMISSION_TYPE_ALLOW,true,"{1,2}"
perm-client_workspace_user-delete,default-workspace,superadmin-001,superadmin-001,Client Workspace User: Delete,client_workspace_user:delete,PERMISSION_TYPE_ALLOW,true,"{1,2}"
perm-client_workspace_user-list,default-workspace,superadmin-001,superadmin-001,Client Workspace User: List,client_workspace_user:list,PERMISSION_TYPE_ALLOW,true,"{1,2}"
perm-subscription_workspace_user-create,default-workspace,superadmin-001,superadmin-001,Subscription Workspace User: Create,subscription_workspace_user:create,PERMISSION_TYPE_ALLOW,true,"{1,2}"
perm-subscription_workspace_user-read,default-workspace,superadmin-001,superadmin-001,Subscription Workspace User: Read,subscription_workspace_user:read,PERMISSION_TYPE_ALLOW,true,"{1,2}"
perm-subscription_workspace_user-update,default-workspace,superadmin-001,superadmin-001,Subscription Workspace User: Update,subscription_workspace_user:update,PERMISSION_TYPE_ALLOW,true,"{1,2}"
perm-subscription_workspace_user-delete,default-workspace,superadmin-001,superadmin-001,Subscription Workspace User: Delete,subscription_workspace_user:delete,PERMISSION_TYPE_ALLOW,true,"{1,2}"
perm-subscription_workspace_user-list,default-workspace,superadmin-001,superadmin-001,Subscription Workspace User: List,subscription_workspace_user:list,PERMISSION_TYPE_ALLOW,true,"{1,2}"
perm-subscription_seat-create,default-workspace,superadmin-001,superadmin-001,Subscription Seat: Create,subscription_seat:create,PERMISSION_TYPE_ALLOW,true,"{1,2}"
perm-subscription_seat-read,default-workspace,superadmin-001,superadmin-001,Subscription Seat: Read,subscription_seat:read,PERMISSION_TYPE_ALLOW,true,"{1,2}"
perm-subscription_seat-update,default-workspace,superadmin-001,superadmin-001,Subscription Seat: Update,subscription_seat:update,PERMISSION_TYPE_ALLOW,true,"{1,2}"
perm-subscription_seat-delete,default-workspace,superadmin-001,superadmin-001,Subscription Seat: Delete,subscription_seat:delete,PERMISSION_TYPE_ALLOW,true,"{1,2}"
perm-subscription_seat-list,default-workspace,superadmin-001,superadmin-001,Subscription Seat: List,subscription_seat:list,PERMISSION_TYPE_ALLOW,true,"{1,2}"
perm-work_request-create,default-workspace,superadmin-001,superadmin-001,Work Request: Create,work_request:create,PERMISSION_TYPE_ALLOW,true,"{1,2,3,4}"
perm-work_request-read,default-workspace,superadmin-001,superadmin-001,Work Request: Read,work_request:read,PERMISSION_TYPE_ALLOW,true,"{1,2,3,4}"
perm-work_request-list,default-workspace,superadmin-001,superadmin-001,Work Request: List,work_request:list,PERMISSION_TYPE_ALLOW,true,"{1,2,3,4}"
perm-work_request-update,default-workspace,superadmin-001,superadmin-001,Work Request: Update,work_request:update,PERMISSION_TYPE_ALLOW,true,"{1,2}"
perm-work_request-delete,default-workspace,superadmin-001,superadmin-001,Work Request: Delete,work_request:delete,PERMISSION_TYPE_ALLOW,true,"{1,2}"
perm-work_request-create_internal,default-workspace,superadmin-001,superadmin-001,Work Request: Create Internal,work_request:create_internal,PERMISSION_TYPE_ALLOW,true,"{1,2}"
perm-work_request-resolve,default-workspace,superadmin-001,superadmin-001,Work Request: Resolve,work_request:resolve,PERMISSION_TYPE_ALLOW,true,"{1,2}"
perm-work_request-submit,default-workspace,superadmin-001,superadmin-001,Work Request: Submit,work_request:submit,PERMISSION_TYPE_ALLOW,true,"{1,2,3,4}"
perm-work_request-assign,default-workspace,superadmin-001,superadmin-001,Work Request: Assign,work_request:assign,PERMISSION_TYPE_ALLOW,true,"{1,2}"
perm-work_request_type-create,default-workspace,superadmin-001,superadmin-001,Work Request Type: Create,work_request_type:create,PERMISSION_TYPE_ALLOW,true,"{1,2}"
perm-work_request_type-read,default-workspace,superadmin-001,superadmin-001,Work Request Type: Read,work_request_type:read,PERMISSION_TYPE_ALLOW,true,"{1,2}"
perm-work_request_type-list,default-workspace,superadmin-001,superadmin-001,Work Request Type: List,work_request_type:list,PERMISSION_TYPE_ALLOW,true,"{1,2}"
perm-work_request_type-update,default-workspace,superadmin-001,superadmin-001,Work Request Type: Update,work_request_type:update,PERMISSION_TYPE_ALLOW,true,"{1,2}"
perm-work_request_type-delete,default-workspace,superadmin-001,superadmin-001,Work Request Type: Delete,work_request_type:delete,PERMISSION_TYPE_ALLOW,true,"{1,2}"
perm-evaluation-create,default-workspace,superadmin-001,superadmin-001,Evaluation: Create,evaluation:create,PERMISSION_TYPE_ALLOW,true,"{1,2,3,4}"
perm-evaluation-read,default-workspace,superadmin-001,superadmin-001,Evaluation: Read,evaluation:read,PERMISSION_TYPE_ALLOW,true,"{1,2,3,4}"
perm-evaluation-update,default-workspace,superadmin-001,superadmin-001,Evaluation: Update,evaluation:update,PERMISSION_TYPE_ALLOW,true,"{1,2,3,4}"
perm-evaluation-delete,default-workspace,superadmin-001,superadmin-001,Evaluation: Delete,evaluation:delete,PERMISSION_TYPE_ALLOW,true,"{1,2}"
perm-evaluation-list,default-workspace,superadmin-001,superadmin-001,Evaluation: List,evaluation:list,PERMISSION_TYPE_ALLOW,true,"{1,2,3,4}"
perm-evaluation-sign_off,default-workspace,superadmin-001,superadmin-001,Evaluation: Sign Off,evaluation:sign_off,PERMISSION_TYPE_ALLOW,true,"{1,2,3,4}"
perm-evaluation-dashboard,default-workspace,superadmin-001,superadmin-001,Evaluation: Dashboard,evaluation:dashboard,PERMISSION_TYPE_ALLOW,true,"{1,2}"
perm-evaluation-triage_all,default-workspace,superadmin-001,superadmin-001,Evaluation: Triage All,evaluation:triage_all,PERMISSION_TYPE_ALLOW,true,"{1,2}"
perm-evaluation_template-create,default-workspace,superadmin-001,superadmin-001,Evaluation Template: Create,evaluation_template:create,PERMISSION_TYPE_ALLOW,true,"{1,2}"
perm-evaluation_template-read,default-workspace,superadmin-001,superadmin-001,Evaluation Template: Read,evaluation_template:read,PERMISSION_TYPE_ALLOW,true,"{1,2}"
perm-evaluation_template-update,default-workspace,superadmin-001,superadmin-001,Evaluation Template: Update,evaluation_template:update,PERMISSION_TYPE_ALLOW,true,"{1,2}"
perm-evaluation_template-delete,default-workspace,superadmin-001,superadmin-001,Evaluation Template: Delete,evaluation_template:delete,PERMISSION_TYPE_ALLOW,true,"{1,2}"
perm-evaluation_template-list,default-workspace,superadmin-001,superadmin-001,Evaluation Template: List,evaluation_template:list,PERMISSION_TYPE_ALLOW,true,"{1,2}"
perm-evaluation_template_item-create,default-workspace,superadmin-001,superadmin-001,Evaluation Template Item: Create,evaluation_template_item:create,PERMISSION_TYPE_ALLOW,true,"{1,2}"
perm-evaluation_template_item-read,default-workspace,superadmin-001,superadmin-001,Evaluation Template Item: Read,evaluation_template_item:read,PERMISSION_TYPE_ALLOW,true,"{1,2}"
perm-evaluation_template_item-update,default-workspace,superadmin-001,superadmin-001,Evaluation Template Item: Update,evaluation_template_item:update,PERMISSION_TYPE_ALLOW,true,"{1,2}"
perm-evaluation_template_item-delete,default-workspace,superadmin-001,superadmin-001,Evaluation Template Item: Delete,evaluation_template_item:delete,PERMISSION_TYPE_ALLOW,true,"{1,2}"
perm-evaluation_template_item-list,default-workspace,superadmin-001,superadmin-001,Evaluation Template Item: List,evaluation_template_item:list,PERMISSION_TYPE_ALLOW,true,"{1,2}"
perm-evaluation_cycle-create,default-workspace,superadmin-001,superadmin-001,Evaluation Cycle: Create,evaluation_cycle:create,PERMISSION_TYPE_ALLOW,true,"{1,2}"
perm-evaluation_cycle-read,default-workspace,superadmin-001,superadmin-001,Evaluation Cycle: Read,evaluation_cycle:read,PERMISSION_TYPE_ALLOW,true,"{1,2}"
perm-evaluation_cycle-update,default-workspace,superadmin-001,superadmin-001,Evaluation Cycle: Update,evaluation_cycle:update,PERMISSION_TYPE_ALLOW,true,"{1,2}"
perm-evaluation_cycle-delete,default-workspace,superadmin-001,superadmin-001,Evaluation Cycle: Delete,evaluation_cycle:delete,PERMISSION_TYPE_ALLOW,true,"{1,2}"
perm-evaluation_cycle-list,default-workspace,superadmin-001,superadmin-001,Evaluation Cycle: List,evaluation_cycle:list,PERMISSION_TYPE_ALLOW,true,"{1,2}"
perm-evaluation_response-create,default-workspace,superadmin-001,superadmin-001,Evaluation Response: Create,evaluation_response:create,PERMISSION_TYPE_ALLOW,true,"{1,2,3,4}"
perm-evaluation_response-read,default-workspace,superadmin-001,superadmin-001,Evaluation Response: Read,evaluation_response:read,PERMISSION_TYPE_ALLOW,true,"{1,2,3,4}"
perm-evaluation_response-update,default-workspace,superadmin-001,superadmin-001,Evaluation Response: Update,evaluation_response:update,PERMISSION_TYPE_ALLOW,true,"{1,2,3,4}"
perm-evaluation_response-delete,default-workspace,superadmin-001,superadmin-001,Evaluation Response: Delete,evaluation_response:delete,PERMISSION_TYPE_ALLOW,true,"{1,2}"
perm-evaluation_response-list,default-workspace,superadmin-001,superadmin-001,Evaluation Response: List,evaluation_response:list,PERMISSION_TYPE_ALLOW,true,"{1,2,3,4}"
perm-evaluation_cycle_member-create,default-workspace,superadmin-001,superadmin-001,Evaluation Cycle Member: Create,evaluation_cycle_member:create,PERMISSION_TYPE_ALLOW,true,"{1,2}"
perm-evaluation_cycle_member-read,default-workspace,superadmin-001,superadmin-001,Evaluation Cycle Member: Read,evaluation_cycle_member:read,PERMISSION_TYPE_ALLOW,true,"{1,2}"
perm-evaluation_cycle_member-list,default-workspace,superadmin-001,superadmin-001,Evaluation Cycle Member: List,evaluation_cycle_member:list,PERMISSION_TYPE_ALLOW,true,"{1,2}"
perm-scoring_scheme-create,default-workspace,superadmin-001,superadmin-001,Scoring Scheme: Create,scoring_scheme:create,PERMISSION_TYPE_ALLOW,true,"{1,2}"
perm-scoring_scheme-read,default-workspace,superadmin-001,superadmin-001,Scoring Scheme: Read,scoring_scheme:read,PERMISSION_TYPE_ALLOW,true,"{1,2}"
perm-scoring_scheme-update,default-workspace,superadmin-001,superadmin-001,Scoring Scheme: Update,scoring_scheme:update,PERMISSION_TYPE_ALLOW,true,"{1,2}"
perm-scoring_scheme-delete,default-workspace,superadmin-001,superadmin-001,Scoring Scheme: Delete,scoring_scheme:delete,PERMISSION_TYPE_ALLOW,true,"{1,2}"
perm-scoring_scheme-list,default-workspace,superadmin-001,superadmin-001,Scoring Scheme: List,scoring_scheme:list,PERMISSION_TYPE_ALLOW,true,"{1,2}"
perm-scoring_component-create,default-workspace,superadmin-001,superadmin-001,Scoring Component: Create,scoring_component:create,PERMISSION_TYPE_ALLOW,true,"{1,2}"
perm-scoring_component-read,default-workspace,superadmin-001,superadmin-001,Scoring Component: Read,scoring_component:read,PERMISSION_TYPE_ALLOW,true,"{1,2}"
perm-scoring_component-update,default-workspace,superadmin-001,superadmin-001,Scoring Component: Update,scoring_component:update,PERMISSION_TYPE_ALLOW,true,"{1,2}"
perm-scoring_component-delete,default-workspace,superadmin-001,superadmin-001,Scoring Component: Delete,scoring_component:delete,PERMISSION_TYPE_ALLOW,true,"{1,2}"
perm-scoring_component-list,default-workspace,superadmin-001,superadmin-001,Scoring Component: List,scoring_component:list,PERMISSION_TYPE_ALLOW,true,"{1,2}"
perm-scoring_component_criteria-create,default-workspace,superadmin-001,superadmin-001,Scoring Component Criteria: Create,scoring_component_criteria:create,PERMISSION_TYPE_ALLOW,true,"{1,2}"
perm-scoring_component_criteria-read,default-workspace,superadmin-001,superadmin-001,Scoring Component Criteria: Read,scoring_component_criteria:read,PERMISSION_TYPE_ALLOW,true,"{1,2}"
perm-scoring_component_criteria-update,default-workspace,superadmin-001,superadmin-001,Scoring Component Criteria: Update,scoring_component_criteria:update,PERMISSION_TYPE_ALLOW,true,"{1,2}"
perm-scoring_component_criteria-delete,default-workspace,superadmin-001,superadmin-001,Scoring Component Criteria: Delete,scoring_component_criteria:delete,PERMISSION_TYPE_ALLOW,true,"{1,2}"
perm-scoring_component_criteria-list,default-workspace,superadmin-001,superadmin-001,Scoring Component Criteria: List,scoring_component_criteria:list,PERMISSION_TYPE_ALLOW,true,"{1,2}"
perm-score_scale-create,default-workspace,superadmin-001,superadmin-001,Score Scale: Create,score_scale:create,PERMISSION_TYPE_ALLOW,true,"{1,2}"
perm-score_scale-read,default-workspace,superadmin-001,superadmin-001,Score Scale: Read,score_scale:read,PERMISSION_TYPE_ALLOW,true,"{1,2}"
perm-score_scale-update,default-workspace,superadmin-001,superadmin-001,Score Scale: Update,score_scale:update,PERMISSION_TYPE_ALLOW,true,"{1,2}"
perm-score_scale-delete,default-workspace,superadmin-001,superadmin-001,Score Scale: Delete,score_scale:delete,PERMISSION_TYPE_ALLOW,true,"{1,2}"
perm-score_scale-list,default-workspace,superadmin-001,superadmin-001,Score Scale: List,score_scale:list,PERMISSION_TYPE_ALLOW,true,"{1,2}"
perm-score_scale_band-create,default-workspace,superadmin-001,superadmin-001,Score Scale Band: Create,score_scale_band:create,PERMISSION_TYPE_ALLOW,true,"{1,2}"
perm-score_scale_band-read,default-workspace,superadmin-001,superadmin-001,Score Scale Band: Read,score_scale_band:read,PERMISSION_TYPE_ALLOW,true,"{1,2}"
perm-score_scale_band-update,default-workspace,superadmin-001,superadmin-001,Score Scale Band: Update,score_scale_band:update,PERMISSION_TYPE_ALLOW,true,"{1,2}"
perm-score_scale_band-delete,default-workspace,superadmin-001,superadmin-001,Score Scale Band: Delete,score_scale_band:delete,PERMISSION_TYPE_ALLOW,true,"{1,2}"
perm-score_scale_band-list,default-workspace,superadmin-001,superadmin-001,Score Scale Band: List,score_scale_band:list,PERMISSION_TYPE_ALLOW,true,"{1,2}"
perm-job_outcome_line-create,default-workspace,superadmin-001,superadmin-001,Job Outcome Line: Create,job_outcome_line:create,PERMISSION_TYPE_ALLOW,true,"{1,2}"
perm-job_outcome_line-read,default-workspace,superadmin-001,superadmin-001,Job Outcome Line: Read,job_outcome_line:read,PERMISSION_TYPE_ALLOW,true,"{1,2}"
perm-job_outcome_line-update,default-workspace,superadmin-001,superadmin-001,Job Outcome Line: Update,job_outcome_line:update,PERMISSION_TYPE_ALLOW,true,"{1,2}"
perm-job_outcome_line-delete,default-workspace,superadmin-001,superadmin-001,Job Outcome Line: Delete,job_outcome_line:delete,PERMISSION_TYPE_ALLOW,true,"{1,2}"
perm-job_outcome_line-list,default-workspace,superadmin-001,superadmin-001,Job Outcome Line: List,job_outcome_line:list,PERMISSION_TYPE_ALLOW,true,"{1,2}"
perm-reporting_checkpoint-create,default-workspace,superadmin-001,superadmin-001,Reporting Checkpoint: Create,reporting_checkpoint:create,PERMISSION_TYPE_ALLOW,true,"{1,2}"
perm-reporting_checkpoint-read,default-workspace,superadmin-001,superadmin-001,Reporting Checkpoint: Read,reporting_checkpoint:read,PERMISSION_TYPE_ALLOW,true,"{1,2}"
perm-reporting_checkpoint-update,default-workspace,superadmin-001,superadmin-001,Reporting Checkpoint: Update,reporting_checkpoint:update,PERMISSION_TYPE_ALLOW,true,"{1,2}"
perm-reporting_checkpoint-delete,default-workspace,superadmin-001,superadmin-001,Reporting Checkpoint: Delete,reporting_checkpoint:delete,PERMISSION_TYPE_ALLOW,true,"{1,2}"
perm-reporting_checkpoint-list,default-workspace,superadmin-001,superadmin-001,Reporting Checkpoint: List,reporting_checkpoint:list,PERMISSION_TYPE_ALLOW,true,"{1,2}"
perm-plan_group-create,default-workspace,superadmin-001,superadmin-001,Plan Group: Create,plan_group:create,PERMISSION_TYPE_ALLOW,true,"{1,2}"
perm-plan_group-read,default-workspace,superadmin-001,superadmin-001,Plan Group: Read,plan_group:read,PERMISSION_TYPE_ALLOW,true,"{1,2}"
perm-plan_group-update,default-workspace,superadmin-001,superadmin-001,Plan Group: Update,plan_group:update,PERMISSION_TYPE_ALLOW,true,"{1,2}"
perm-plan_group-delete,default-workspace,superadmin-001,superadmin-001,Plan Group: Delete,plan_group:delete,PERMISSION_TYPE_ALLOW,true,"{1,2}"
perm-plan_group-list,default-workspace,superadmin-001,superadmin-001,Plan Group: List,plan_group:list,PERMISSION_TYPE_ALLOW,true,"{1,2}"
perm-plan_group_plan-create,default-workspace,superadmin-001,superadmin-001,Plan Group Plan: Create,plan_group_plan:create,PERMISSION_TYPE_ALLOW,true,"{1,2}"
perm-plan_group_plan-read,default-workspace,superadmin-001,superadmin-001,Plan Group Plan: Read,plan_group_plan:read,PERMISSION_TYPE_ALLOW,true,"{1,2}"
perm-plan_group_plan-update,default-workspace,superadmin-001,superadmin-001,Plan Group Plan: Update,plan_group_plan:update,PERMISSION_TYPE_ALLOW,true,"{1,2}"
perm-plan_group_plan-delete,default-workspace,superadmin-001,superadmin-001,Plan Group Plan: Delete,plan_group_plan:delete,PERMISSION_TYPE_ALLOW,true,"{1,2}"
perm-plan_group_plan-list,default-workspace,superadmin-001,superadmin-001,Plan Group Plan: List,plan_group_plan:list,PERMISSION_TYPE_ALLOW,true,"{1,2}"
perm-product_plan_staff-create,default-workspace,superadmin-001,superadmin-001,Product Plan Staff: Create,product_plan_staff:create,PERMISSION_TYPE_ALLOW,true,"{1,2}"
perm-product_plan_staff-read,default-workspace,superadmin-001,superadmin-001,Product Plan Staff: Read,product_plan_staff:read,PERMISSION_TYPE_ALLOW,true,"{1,2}"
perm-product_plan_staff-update,default-workspace,superadmin-001,superadmin-001,Product Plan Staff: Update,product_plan_staff:update,PERMISSION_TYPE_ALLOW,true,"{1,2}"
perm-product_plan_staff-delete,default-workspace,superadmin-001,superadmin-001,Product Plan Staff: Delete,product_plan_staff:delete,PERMISSION_TYPE_ALLOW,true,"{1,2}"
perm-product_plan_staff-list,default-workspace,superadmin-001,superadmin-001,Product Plan Staff: List,product_plan_staff:list,PERMISSION_TYPE_ALLOW,true,"{1,2}"
perm-line_workspace_user-create,default-workspace,superadmin-001,superadmin-001,Line Workspace User: Create,line_workspace_user:create,PERMISSION_TYPE_ALLOW,true,"{1,2}"
perm-line_workspace_user-read,default-workspace,superadmin-001,superadmin-001,Line Workspace User: Read,line_workspace_user:read,PERMISSION_TYPE_ALLOW,true,"{1,2}"
perm-line_workspace_user-update,default-workspace,superadmin-001,superadmin-001,Line Workspace User: Update,line_workspace_user:update,PERMISSION_TYPE_ALLOW,true,"{1,2}"
perm-line_workspace_user-delete,default-workspace,superadmin-001,superadmin-001,Line Workspace User: Delete,line_workspace_user:delete,PERMISSION_TYPE_ALLOW,true,"{1,2}"
perm-line_workspace_user-list,default-workspace,superadmin-001,superadmin-001,Line Workspace User: List,line_workspace_user:list,PERMISSION_TYPE_ALLOW,true,"{1,2}"
perm-subscription_group-create,default-workspace,superadmin-001,superadmin-001,Subscription Group: Create,subscription_group:create,PERMISSION_TYPE_ALLOW,true,"{1,2}"
perm-subscription_group-read,default-workspace,superadmin-001,superadmin-001,Subscription Group: Read,subscription_group:read,PERMISSION_TYPE_ALLOW,true,"{1,2}"
perm-subscription_group-update,default-workspace,superadmin-001,superadmin-001,Subscription Group: Update,subscription_group:update,PERMISSION_TYPE_ALLOW,true,"{1,2}"
perm-subscription_group-delete,default-workspace,superadmin-001,superadmin-001,Subscription Group: Delete,subscription_group:delete,PERMISSION_TYPE_ALLOW,true,"{1,2}"
perm-subscription_group-list,default-workspace,superadmin-001,superadmin-001,Subscription Group: List,subscription_group:list,PERMISSION_TYPE_ALLOW,true,"{1,2}"
perm-subscription_group_member-create,default-workspace,superadmin-001,superadmin-001,Subscription Group Member: Create,subscription_group_member:create,PERMISSION_TYPE_ALLOW,true,"{1,2}"
perm-subscription_group_member-read,default-workspace,superadmin-001,superadmin-001,Subscription Group Member: Read,subscription_group_member:read,PERMISSION_TYPE_ALLOW,true,"{1,2}"
perm-subscription_group_member-update,default-workspace,superadmin-001,superadmin-001,Subscription Group Member: Update,subscription_group_member:update,PERMISSION_TYPE_ALLOW,true,"{1,2}"
perm-subscription_group_member-delete,default-workspace,superadmin-001,superadmin-001,Subscription Group Member: Delete,subscription_group_member:delete,PERMISSION_TYPE_ALLOW,true,"{1,2}"
perm-subscription_group_member-list,default-workspace,superadmin-001,superadmin-001,Subscription Group Member: List,subscription_group_member:list,PERMISSION_TYPE_ALLOW,true,"{1,2}"
perm-subscription_group_workspace_user-create,default-workspace,superadmin-001,superadmin-001,Subscription Group Workspace User: Create,subscription_group_workspace_user:create,PERMISSION_TYPE_ALLOW,true,"{1,2}"
perm-subscription_group_workspace_user-read,default-workspace,superadmin-001,superadmin-001,Subscription Group Workspace User: Read,subscription_group_workspace_user:read,PERMISSION_TYPE_ALLOW,true,"{1,2}"
perm-subscription_group_workspace_user-update,default-workspace,superadmin-001,superadmin-001,Subscription Group Workspace User: Update,subscription_group_workspace_user:update,PERMISSION_TYPE_ALLOW,true,"{1,2}"
perm-subscription_group_workspace_user-delete,default-workspace,superadmin-001,superadmin-001,Subscription Group Workspace User: Delete,subscription_group_workspace_user:delete,PERMISSION_TYPE_ALLOW,true,"{1,2}"
perm-subscription_group_workspace_user-list,default-workspace,superadmin-001,superadmin-001,Subscription Group Workspace User: List,subscription_group_workspace_user:list,PERMISSION_TYPE_ALLOW,true,"{1,2}"
perm-subscription_group_product_plan_staff-create,default-workspace,superadmin-001,superadmin-001,Subscription Group Product Plan Staff: Create,subscription_group_product_plan_staff:create,PERMISSION_TYPE_ALLOW,true,"{1,2}"
perm-subscription_group_product_plan_staff-read,default-workspace,superadmin-001,superadmin-001,Subscription Group Product Plan Staff: Read,subscription_group_product_plan_staff:read,PERMISSION_TYPE_ALLOW,true,"{1,2}"
perm-subscription_group_product_plan_staff-update,default-workspace,superadmin-001,superadmin-001,Subscription Group Product Plan Staff: Update,subscription_group_product_plan_staff:update,PERMISSION_TYPE_ALLOW,true,"{1,2}"
perm-subscription_group_product_plan_staff-delete,default-workspace,superadmin-001,superadmin-001,Subscription Group Product Plan Staff: Delete,subscription_group_product_plan_staff:delete,PERMISSION_TYPE_ALLOW,true,"{1,2}"
perm-subscription_group_product_plan_staff-list,default-workspace,superadmin-001,superadmin-001,Subscription Group Product Plan Staff: List,subscription_group_product_plan_staff:list,PERMISSION_TYPE_ALLOW,true,"{1,2}"
perm-price_schedule_workspace_user-create,default-workspace,superadmin-001,superadmin-001,Price Schedule Workspace User: Create,price_schedule_workspace_user:create,PERMISSION_TYPE_ALLOW,true,"{1,2}"
perm-price_schedule_workspace_user-read,default-workspace,superadmin-001,superadmin-001,Price Schedule Workspace User: Read,price_schedule_workspace_user:read,PERMISSION_TYPE_ALLOW,true,"{1,2}"
perm-price_schedule_workspace_user-update,default-workspace,superadmin-001,superadmin-001,Price Schedule Workspace User: Update,price_schedule_workspace_user:update,PERMISSION_TYPE_ALLOW,true,"{1,2}"
perm-price_schedule_workspace_user-delete,default-workspace,superadmin-001,superadmin-001,Price Schedule Workspace User: Delete,price_schedule_workspace_user:delete,PERMISSION_TYPE_ALLOW,true,"{1,2}"
perm-price_schedule_workspace_user-list,default-workspace,superadmin-001,superadmin-001,Price Schedule Workspace User: List,price_schedule_workspace_user:list,PERMISSION_TYPE_ALLOW,true,"{1,2}"
