id,role_id,permission_id,permission_type,active
rp-role-admin-perm-admin-create,role-admin,perm-admin-create,PERMISSION_TYPE_ALLOW,true
rp-role-admin-perm-admin-read,role-admin,perm-admin-read,PERMISSION_TYPE_ALLOW,true
rp-role-admin-perm-admin-update,role-admin,perm-admin-update,PERMISSION_TYPE_ALLOW,true
rp-role-admin-perm-admin-delete,role-admin,perm-admin-delete,PERMISSION_TYPE_ALLOW,true
rp-role-admin-perm-admin-list,role-admin,perm-admin-list,PERMISSION_TYPE_ALLOW,true
rp-role-admin-perm-client-create,role-admin,perm-client-create,PERMISSION_TYPE_ALLOW,true
rp-role-admin-perm-client-read,role-admin,perm-client-read,PERMISSION_TYPE_ALLOW,true
rp-role-admin-perm-client-update,role-admin,perm-client-update,PERMISSION_TYPE_ALLOW,true
rp-role-admin-perm-client-delete,role-admin,perm-client-delete,PERMISSION_TYPE_ALLOW,true
rp-role-admin-perm-client-list,role-admin,perm-client-list,PERMISSION_TYPE_ALLOW,true
rp-role-admin-perm-client_attribute-create,role-admin,perm-client_attribute-create,PERMISSION_TYPE_ALLOW,true
rp-role-admin-perm-client_attribute-read,role-admin,perm-client_attribute-read,PERMISSION_TYPE_ALLOW,true
rp-role-admin-perm-client_attribute-update,role-admin,perm-client_attribute-update,PERMISSION_TYPE_ALLOW,true
rp-role-admin-perm-client_attribute-delete,role-admin,perm-client_attribute-delete,PERMISSION_TYPE_ALLOW,true
rp-role-admin-perm-client_attribute-list,role-admin,perm-client_attribute-list,PERMISSION_TYPE_ALLOW,true
rp-role-admin-perm-delegate-create,role-admin,perm-delegate-create,PERMISSION_TYPE_ALLOW,true
rp-role-admin-perm-delegate-read,role-admin,perm-delegate-read,PERMISSION_TYPE_ALLOW,true
rp-role-admin-perm-delegate-update,role-admin,perm-delegate-update,PERMISSION_TYPE_ALLOW,true
rp-role-admin-perm-delegate-delete,role-admin,perm-delegate-delete,PERMISSION_TYPE_ALLOW,true
rp-role-admin-perm-delegate-list,role-admin,perm-delegate-list,PERMISSION_TYPE_ALLOW,true
rp-role-admin-perm-delegate_attribute-create,role-admin,perm-delegate_attribute-create,PERMISSION_TYPE_ALLOW,true
rp-role-admin-perm-delegate_attribute-read,role-admin,perm-delegate_attribute-read,PERMISSION_TYPE_ALLOW,true
rp-role-admin-perm-delegate_attribute-update,role-admin,perm-delegate_attribute-update,PERMISSION_TYPE_ALLOW,true
rp-role-admin-perm-delegate_attribute-delete,role-admin,perm-delegate_attribute-delete,PERMISSION_TYPE_ALLOW,true
rp-role-admin-perm-delegate_attribute-list,role-admin,perm-delegate_attribute-list,PERMISSION_TYPE_ALLOW,true
rp-role-admin-perm-delegate_client-create,role-admin,perm-delegate_client-create,PERMISSION_TYPE_ALLOW,true
rp-role-admin-perm-delegate_client-read,role-admin,perm-delegate_client-read,PERMISSION_TYPE_ALLOW,true
rp-role-admin-perm-delegate_client-update,role-admin,perm-delegate_client-update,PERMISSION_TYPE_ALLOW,true
rp-role-admin-perm-delegate_client-delete,role-admin,perm-delegate_client-delete,PERMISSION_TYPE_ALLOW,true
rp-role-admin-perm-delegate_client-list,role-admin,perm-delegate_client-list,PERMISSION_TYPE_ALLOW,true
rp-role-admin-perm-group-create,role-admin,perm-group-create,PERMISSION_TYPE_ALLOW,true
rp-role-admin-perm-group-read,role-admin,perm-group-read,PERMISSION_TYPE_ALLOW,true
rp-role-admin-perm-group-update,role-admin,perm-group-update,PERMISSION_TYPE_ALLOW,true
rp-role-admin-perm-group-delete,role-admin,perm-group-delete,PERMISSION_TYPE_ALLOW,true
rp-role-admin-perm-group-list,role-admin,perm-group-list,PERMISSION_TYPE_ALLOW,true
rp-role-admin-perm-group_attribute-create,role-admin,perm-group_attribute-create,PERMISSION_TYPE_ALLOW,true
rp-role-admin-perm-group_attribute-read,role-admin,perm-group_attribute-read,PERMISSION_TYPE_ALLOW,true
rp-role-admin-perm-group_attribute-update,role-admin,perm-group_attribute-update,PERMISSION_TYPE_ALLOW,true
rp-role-admin-perm-group_attribute-delete,role-admin,perm-group_attribute-delete,PERMISSION_TYPE_ALLOW,true
rp-role-admin-perm-group_attribute-list,role-admin,perm-group_attribute-list,PERMISSION_TYPE_ALLOW,true
rp-role-admin-perm-location-create,role-admin,perm-location-create,PERMISSION_TYPE_ALLOW,true
rp-role-admin-perm-location-read,role-admin,perm-location-read,PERMISSION_TYPE_ALLOW,true
rp-role-admin-perm-location-update,role-admin,perm-location-update,PERMISSION_TYPE_ALLOW,true
rp-role-admin-perm-location-delete,role-admin,perm-location-delete,PERMISSION_TYPE_ALLOW,true
rp-role-admin-perm-location-list,role-admin,perm-location-list,PERMISSION_TYPE_ALLOW,true
rp-role-admin-perm-location_attribute-create,role-admin,perm-location_attribute-create,PERMISSION_TYPE_ALLOW,true
rp-role-admin-perm-location_attribute-read,role-admin,perm-location_attribute-read,PERMISSION_TYPE_ALLOW,true
rp-role-admin-perm-location_attribute-update,role-admin,perm-location_attribute-update,PERMISSION_TYPE_ALLOW,true
rp-role-admin-perm-location_attribute-delete,role-admin,perm-location_attribute-delete,PERMISSION_TYPE_ALLOW,true
rp-role-admin-perm-location_attribute-list,role-admin,perm-location_attribute-list,PERMISSION_TYPE_ALLOW,true
rp-role-admin-perm-manager-create,role-admin,perm-manager-create,PERMISSION_TYPE_ALLOW,true
rp-role-admin-perm-manager-read,role-admin,perm-manager-read,PERMISSION_TYPE_ALLOW,true
rp-role-admin-perm-manager-update,role-admin,perm-manager-update,PERMISSION_TYPE_ALLOW,true
rp-role-admin-perm-manager-delete,role-admin,perm-manager-delete,PERMISSION_TYPE_ALLOW,true
rp-role-admin-perm-manager-list,role-admin,perm-manager-list,PERMISSION_TYPE_ALLOW,true
rp-role-admin-perm-permission-create,role-admin,perm-permission-create,PERMISSION_TYPE_ALLOW,true
rp-role-admin-perm-permission-read,role-admin,perm-permission-read,PERMISSION_TYPE_ALLOW,true
rp-role-admin-perm-permission-update,role-admin,perm-permission-update,PERMISSION_TYPE_ALLOW,true
rp-role-admin-perm-permission-delete,role-admin,perm-permission-delete,PERMISSION_TYPE_ALLOW,true
rp-role-admin-perm-permission-list,role-admin,perm-permission-list,PERMISSION_TYPE_ALLOW,true
rp-role-admin-perm-role-create,role-admin,perm-role-create,PERMISSION_TYPE_ALLOW,true
rp-role-admin-perm-role-read,role-admin,perm-role-read,PERMISSION_TYPE_ALLOW,true
rp-role-admin-perm-role-update,role-admin,perm-role-update,PERMISSION_TYPE_ALLOW,true
rp-role-admin-perm-role-delete,role-admin,perm-role-delete,PERMISSION_TYPE_ALLOW,true
rp-role-admin-perm-role-list,role-admin,perm-role-list,PERMISSION_TYPE_ALLOW,true
rp-role-admin-perm-staff-create,role-admin,perm-staff-create,PERMISSION_TYPE_ALLOW,true
rp-role-admin-perm-staff-read,role-admin,perm-staff-read,PERMISSION_TYPE_ALLOW,true
rp-role-admin-perm-staff-update,role-admin,perm-staff-update,PERMISSION_TYPE_ALLOW,true
rp-role-admin-perm-staff-delete,role-admin,perm-staff-delete,PERMISSION_TYPE_ALLOW,true
rp-role-admin-perm-staff-list,role-admin,perm-staff-list,PERMISSION_TYPE_ALLOW,true
rp-role-admin-perm-staff_attribute-create,role-admin,perm-staff_attribute-create,PERMISSION_TYPE_ALLOW,true
rp-role-admin-perm-staff_attribute-read,role-admin,perm-staff_attribute-read,PERMISSION_TYPE_ALLOW,true
rp-role-admin-perm-staff_attribute-update,role-admin,perm-staff_attribute-update,PERMISSION_TYPE_ALLOW,true
rp-role-admin-perm-staff_attribute-delete,role-admin,perm-staff_attribute-delete,PERMISSION_TYPE_ALLOW,true
rp-role-admin-perm-staff_attribute-list,role-admin,perm-staff_attribute-list,PERMISSION_TYPE_ALLOW,true
rp-role-admin-perm-user-create,role-admin,perm-user-create,PERMISSION_TYPE_ALLOW,true
rp-role-admin-perm-user-read,role-admin,perm-user-read,PERMISSION_TYPE_ALLOW,true
rp-role-admin-perm-user-update,role-admin,perm-user-update,PERMISSION_TYPE_ALLOW,true
rp-role-admin-perm-user-delete,role-admin,perm-user-delete,PERMISSION_TYPE_ALLOW,true
rp-role-admin-perm-user-list,role-admin,perm-user-list,PERMISSION_TYPE_ALLOW,true
rp-role-admin-perm-workspace-create,role-admin,perm-workspace-create,PERMISSION_TYPE_ALLOW,true
rp-role-admin-perm-workspace-read,role-admin,perm-workspace-read,PERMISSION_TYPE_ALLOW,true
rp-role-admin-perm-workspace-update,role-admin,perm-workspace-update,PERMISSION_TYPE_ALLOW,true
rp-role-admin-perm-workspace-delete,role-admin,perm-workspace-delete,PERMISSION_TYPE_ALLOW,true
rp-role-admin-perm-workspace-list,role-admin,perm-workspace-list,PERMISSION_TYPE_ALLOW,true
rp-role-admin-perm-workspace_user-create,role-admin,perm-workspace_user-create,PERMISSION_TYPE_ALLOW,true
rp-role-admin-perm-workspace_user-read,role-admin,perm-workspace_user-read,PERMISSION_TYPE_ALLOW,true
rp-role-admin-perm-workspace_user-update,role-admin,perm-workspace_user-update,PERMISSION_TYPE_ALLOW,true
rp-role-admin-perm-workspace_user-delete,role-admin,perm-workspace_user-delete,PERMISSION_TYPE_ALLOW,true
rp-role-admin-perm-workspace_user-list,role-admin,perm-workspace_user-list,PERMISSION_TYPE_ALLOW,true
rp-role-admin-perm-workspace_user_role-create,role-admin,perm-workspace_user_role-create,PERMISSION_TYPE_ALLOW,true
rp-role-admin-perm-workspace_user_role-read,role-admin,perm-workspace_user_role-read,PERMISSION_TYPE_ALLOW,true
rp-role-admin-perm-workspace_user_role-update,role-admin,perm-workspace_user_role-update,PERMISSION_TYPE_ALLOW,true
rp-role-admin-perm-workspace_user_role-delete,role-admin,perm-workspace_user_role-delete,PERMISSION_TYPE_ALLOW,true
rp-role-admin-perm-workspace_user_role-list,role-admin,perm-workspace_user_role-list,PERMISSION_TYPE_ALLOW,true
rp-role-admin-perm-event-create,role-admin,perm-event-create,PERMISSION_TYPE_ALLOW,true
rp-role-admin-perm-event-read,role-admin,perm-event-read,PERMISSION_TYPE_ALLOW,true
rp-role-admin-perm-event-update,role-admin,perm-event-update,PERMISSION_TYPE_ALLOW,true
rp-role-admin-perm-event-delete,role-admin,perm-event-delete,PERMISSION_TYPE_ALLOW,true
rp-role-admin-perm-event-list,role-admin,perm-event-list,PERMISSION_TYPE_ALLOW,true
rp-role-admin-perm-event_attendee-create,role-admin,perm-event_attendee-create,PERMISSION_TYPE_ALLOW,true
rp-role-admin-perm-event_attendee-read,role-admin,perm-event_attendee-read,PERMISSION_TYPE_ALLOW,true
rp-role-admin-perm-event_attendee-update,role-admin,perm-event_attendee-update,PERMISSION_TYPE_ALLOW,true
rp-role-admin-perm-event_attendee-delete,role-admin,perm-event_attendee-delete,PERMISSION_TYPE_ALLOW,true
rp-role-admin-perm-event_attendee-list,role-admin,perm-event_attendee-list,PERMISSION_TYPE_ALLOW,true
rp-role-admin-perm-event_attribute-create,role-admin,perm-event_attribute-create,PERMISSION_TYPE_ALLOW,true
rp-role-admin-perm-event_attribute-read,role-admin,perm-event_attribute-read,PERMISSION_TYPE_ALLOW,true
rp-role-admin-perm-event_attribute-update,role-admin,perm-event_attribute-update,PERMISSION_TYPE_ALLOW,true
rp-role-admin-perm-event_attribute-delete,role-admin,perm-event_attribute-delete,PERMISSION_TYPE_ALLOW,true
rp-role-admin-perm-event_attribute-list,role-admin,perm-event_attribute-list,PERMISSION_TYPE_ALLOW,true
rp-role-admin-perm-event_client-create,role-admin,perm-event_client-create,PERMISSION_TYPE_ALLOW,true
rp-role-admin-perm-event_client-read,role-admin,perm-event_client-read,PERMISSION_TYPE_ALLOW,true
rp-role-admin-perm-event_client-update,role-admin,perm-event_client-update,PERMISSION_TYPE_ALLOW,true
rp-role-admin-perm-event_client-delete,role-admin,perm-event_client-delete,PERMISSION_TYPE_ALLOW,true
rp-role-admin-perm-event_client-list,role-admin,perm-event_client-list,PERMISSION_TYPE_ALLOW,true
rp-role-admin-perm-event_product-create,role-admin,perm-event_product-create,PERMISSION_TYPE_ALLOW,true
rp-role-admin-perm-event_product-read,role-admin,perm-event_product-read,PERMISSION_TYPE_ALLOW,true
rp-role-admin-perm-event_product-update,role-admin,perm-event_product-update,PERMISSION_TYPE_ALLOW,true
rp-role-admin-perm-event_product-delete,role-admin,perm-event_product-delete,PERMISSION_TYPE_ALLOW,true
rp-role-admin-perm-event_product-list,role-admin,perm-event_product-list,PERMISSION_TYPE_ALLOW,true
rp-role-admin-perm-event_recurrence-create,role-admin,perm-event_recurrence-create,PERMISSION_TYPE_ALLOW,true
rp-role-admin-perm-event_recurrence-read,role-admin,perm-event_recurrence-read,PERMISSION_TYPE_ALLOW,true
rp-role-admin-perm-event_recurrence-update,role-admin,perm-event_recurrence-update,PERMISSION_TYPE_ALLOW,true
rp-role-admin-perm-event_recurrence-delete,role-admin,perm-event_recurrence-delete,PERMISSION_TYPE_ALLOW,true
rp-role-admin-perm-event_recurrence-list,role-admin,perm-event_recurrence-list,PERMISSION_TYPE_ALLOW,true
rp-role-admin-perm-event_resource-create,role-admin,perm-event_resource-create,PERMISSION_TYPE_ALLOW,true
rp-role-admin-perm-event_resource-read,role-admin,perm-event_resource-read,PERMISSION_TYPE_ALLOW,true
rp-role-admin-perm-event_resource-update,role-admin,perm-event_resource-update,PERMISSION_TYPE_ALLOW,true
rp-role-admin-perm-event_resource-delete,role-admin,perm-event_resource-delete,PERMISSION_TYPE_ALLOW,true
rp-role-admin-perm-event_resource-list,role-admin,perm-event_resource-list,PERMISSION_TYPE_ALLOW,true
rp-role-admin-perm-framework-create,role-admin,perm-framework-create,PERMISSION_TYPE_ALLOW,true
rp-role-admin-perm-framework-read,role-admin,perm-framework-read,PERMISSION_TYPE_ALLOW,true
rp-role-admin-perm-framework-update,role-admin,perm-framework-update,PERMISSION_TYPE_ALLOW,true
rp-role-admin-perm-framework-delete,role-admin,perm-framework-delete,PERMISSION_TYPE_ALLOW,true
rp-role-admin-perm-framework-list,role-admin,perm-framework-list,PERMISSION_TYPE_ALLOW,true
rp-role-admin-perm-objective-create,role-admin,perm-objective-create,PERMISSION_TYPE_ALLOW,true
rp-role-admin-perm-objective-read,role-admin,perm-objective-read,PERMISSION_TYPE_ALLOW,true
rp-role-admin-perm-objective-update,role-admin,perm-objective-update,PERMISSION_TYPE_ALLOW,true
rp-role-admin-perm-objective-delete,role-admin,perm-objective-delete,PERMISSION_TYPE_ALLOW,true
rp-role-admin-perm-objective-list,role-admin,perm-objective-list,PERMISSION_TYPE_ALLOW,true
rp-role-admin-perm-task-create,role-admin,perm-task-create,PERMISSION_TYPE_ALLOW,true
rp-role-admin-perm-task-read,role-admin,perm-task-read,PERMISSION_TYPE_ALLOW,true
rp-role-admin-perm-task-update,role-admin,perm-task-update,PERMISSION_TYPE_ALLOW,true
rp-role-admin-perm-task-delete,role-admin,perm-task-delete,PERMISSION_TYPE_ALLOW,true
rp-role-admin-perm-task-list,role-admin,perm-task-list,PERMISSION_TYPE_ALLOW,true
rp-role-admin-perm-payment-create,role-admin,perm-payment-create,PERMISSION_TYPE_ALLOW,true
rp-role-admin-perm-payment-read,role-admin,perm-payment-read,PERMISSION_TYPE_ALLOW,true
rp-role-admin-perm-payment-update,role-admin,perm-payment-update,PERMISSION_TYPE_ALLOW,true
rp-role-admin-perm-payment-delete,role-admin,perm-payment-delete,PERMISSION_TYPE_ALLOW,true
rp-role-admin-perm-payment-list,role-admin,perm-payment-list,PERMISSION_TYPE_ALLOW,true
rp-role-admin-perm-payment_method-create,role-admin,perm-payment_method-create,PERMISSION_TYPE_ALLOW,true
rp-role-admin-perm-payment_method-read,role-admin,perm-payment_method-read,PERMISSION_TYPE_ALLOW,true
rp-role-admin-perm-payment_method-update,role-admin,perm-payment_method-update,PERMISSION_TYPE_ALLOW,true
rp-role-admin-perm-payment_method-delete,role-admin,perm-payment_method-delete,PERMISSION_TYPE_ALLOW,true
rp-role-admin-perm-payment_method-list,role-admin,perm-payment_method-list,PERMISSION_TYPE_ALLOW,true
rp-role-admin-perm-payment_profile-create,role-admin,perm-payment_profile-create,PERMISSION_TYPE_ALLOW,true
rp-role-admin-perm-payment_profile-read,role-admin,perm-payment_profile-read,PERMISSION_TYPE_ALLOW,true
rp-role-admin-perm-payment_profile-update,role-admin,perm-payment_profile-update,PERMISSION_TYPE_ALLOW,true
rp-role-admin-perm-payment_profile-delete,role-admin,perm-payment_profile-delete,PERMISSION_TYPE_ALLOW,true
rp-role-admin-perm-payment_profile-list,role-admin,perm-payment_profile-list,PERMISSION_TYPE_ALLOW,true
rp-role-admin-perm-payment_attribute-create,role-admin,perm-payment_attribute-create,PERMISSION_TYPE_ALLOW,true
rp-role-admin-perm-payment_attribute-read,role-admin,perm-payment_attribute-read,PERMISSION_TYPE_ALLOW,true
rp-role-admin-perm-payment_attribute-update,role-admin,perm-payment_attribute-update,PERMISSION_TYPE_ALLOW,true
rp-role-admin-perm-payment_attribute-delete,role-admin,perm-payment_attribute-delete,PERMISSION_TYPE_ALLOW,true
rp-role-admin-perm-payment_attribute-list,role-admin,perm-payment_attribute-list,PERMISSION_TYPE_ALLOW,true
rp-role-admin-perm-payment_term-create,role-admin,perm-payment_term-create,PERMISSION_TYPE_ALLOW,true
rp-role-admin-perm-payment_term-read,role-admin,perm-payment_term-read,PERMISSION_TYPE_ALLOW,true
rp-role-admin-perm-payment_term-update,role-admin,perm-payment_term-update,PERMISSION_TYPE_ALLOW,true
rp-role-admin-perm-payment_term-delete,role-admin,perm-payment_term-delete,PERMISSION_TYPE_ALLOW,true
rp-role-admin-perm-payment_term-list,role-admin,perm-payment_term-list,PERMISSION_TYPE_ALLOW,true
rp-role-admin-perm-expenditure-create,role-admin,perm-expenditure-create,PERMISSION_TYPE_ALLOW,true
rp-role-admin-perm-expenditure-read,role-admin,perm-expenditure-read,PERMISSION_TYPE_ALLOW,true
rp-role-admin-perm-expenditure-update,role-admin,perm-expenditure-update,PERMISSION_TYPE_ALLOW,true
rp-role-admin-perm-expenditure-delete,role-admin,perm-expenditure-delete,PERMISSION_TYPE_ALLOW,true
rp-role-admin-perm-expenditure-list,role-admin,perm-expenditure-list,PERMISSION_TYPE_ALLOW,true
rp-role-admin-perm-expenditure_attribute-create,role-admin,perm-expenditure_attribute-create,PERMISSION_TYPE_ALLOW,true
rp-role-admin-perm-expenditure_attribute-read,role-admin,perm-expenditure_attribute-read,PERMISSION_TYPE_ALLOW,true
rp-role-admin-perm-expenditure_attribute-update,role-admin,perm-expenditure_attribute-update,PERMISSION_TYPE_ALLOW,true
rp-role-admin-perm-expenditure_attribute-delete,role-admin,perm-expenditure_attribute-delete,PERMISSION_TYPE_ALLOW,true
rp-role-admin-perm-expenditure_attribute-list,role-admin,perm-expenditure_attribute-list,PERMISSION_TYPE_ALLOW,true
rp-role-admin-perm-expenditure_line_item-create,role-admin,perm-expenditure_line_item-create,PERMISSION_TYPE_ALLOW,true
rp-role-admin-perm-expenditure_line_item-read,role-admin,perm-expenditure_line_item-read,PERMISSION_TYPE_ALLOW,true
rp-role-admin-perm-expenditure_line_item-update,role-admin,perm-expenditure_line_item-update,PERMISSION_TYPE_ALLOW,true
rp-role-admin-perm-expenditure_line_item-delete,role-admin,perm-expenditure_line_item-delete,PERMISSION_TYPE_ALLOW,true
rp-role-admin-perm-expenditure_line_item-list,role-admin,perm-expenditure_line_item-list,PERMISSION_TYPE_ALLOW,true
rp-role-admin-perm-expenditure_category-create,role-admin,perm-expenditure_category-create,PERMISSION_TYPE_ALLOW,true
rp-role-admin-perm-expenditure_category-read,role-admin,perm-expenditure_category-read,PERMISSION_TYPE_ALLOW,true
rp-role-admin-perm-expenditure_category-update,role-admin,perm-expenditure_category-update,PERMISSION_TYPE_ALLOW,true
rp-role-admin-perm-expenditure_category-delete,role-admin,perm-expenditure_category-delete,PERMISSION_TYPE_ALLOW,true
rp-role-admin-perm-expenditure_category-list,role-admin,perm-expenditure_category-list,PERMISSION_TYPE_ALLOW,true
rp-role-admin-perm-inventory_item-create,role-admin,perm-inventory_item-create,PERMISSION_TYPE_ALLOW,true
rp-role-admin-perm-inventory_item-read,role-admin,perm-inventory_item-read,PERMISSION_TYPE_ALLOW,true
rp-role-admin-perm-inventory_item-update,role-admin,perm-inventory_item-update,PERMISSION_TYPE_ALLOW,true
rp-role-admin-perm-inventory_item-delete,role-admin,perm-inventory_item-delete,PERMISSION_TYPE_ALLOW,true
rp-role-admin-perm-inventory_item-list,role-admin,perm-inventory_item-list,PERMISSION_TYPE_ALLOW,true
rp-role-admin-perm-inventory_serial-create,role-admin,perm-inventory_serial-create,PERMISSION_TYPE_ALLOW,true
rp-role-admin-perm-inventory_serial-read,role-admin,perm-inventory_serial-read,PERMISSION_TYPE_ALLOW,true
rp-role-admin-perm-inventory_serial-update,role-admin,perm-inventory_serial-update,PERMISSION_TYPE_ALLOW,true
rp-role-admin-perm-inventory_serial-delete,role-admin,perm-inventory_serial-delete,PERMISSION_TYPE_ALLOW,true
rp-role-admin-perm-inventory_serial-list,role-admin,perm-inventory_serial-list,PERMISSION_TYPE_ALLOW,true
rp-role-admin-perm-inventory_transaction-create,role-admin,perm-inventory_transaction-create,PERMISSION_TYPE_ALLOW,true
rp-role-admin-perm-inventory_transaction-read,role-admin,perm-inventory_transaction-read,PERMISSION_TYPE_ALLOW,true
rp-role-admin-perm-inventory_transaction-update,role-admin,perm-inventory_transaction-update,PERMISSION_TYPE_ALLOW,true
rp-role-admin-perm-inventory_transaction-delete,role-admin,perm-inventory_transaction-delete,PERMISSION_TYPE_ALLOW,true
rp-role-admin-perm-inventory_transaction-list,role-admin,perm-inventory_transaction-list,PERMISSION_TYPE_ALLOW,true
rp-role-admin-perm-inventory_attribute-create,role-admin,perm-inventory_attribute-create,PERMISSION_TYPE_ALLOW,true
rp-role-admin-perm-inventory_attribute-read,role-admin,perm-inventory_attribute-read,PERMISSION_TYPE_ALLOW,true
rp-role-admin-perm-inventory_attribute-update,role-admin,perm-inventory_attribute-update,PERMISSION_TYPE_ALLOW,true
rp-role-admin-perm-inventory_attribute-delete,role-admin,perm-inventory_attribute-delete,PERMISSION_TYPE_ALLOW,true
rp-role-admin-perm-inventory_attribute-list,role-admin,perm-inventory_attribute-list,PERMISSION_TYPE_ALLOW,true
rp-role-admin-perm-inventory_depreciation-create,role-admin,perm-inventory_depreciation-create,PERMISSION_TYPE_ALLOW,true
rp-role-admin-perm-inventory_depreciation-read,role-admin,perm-inventory_depreciation-read,PERMISSION_TYPE_ALLOW,true
rp-role-admin-perm-inventory_depreciation-update,role-admin,perm-inventory_depreciation-update,PERMISSION_TYPE_ALLOW,true
rp-role-admin-perm-inventory_depreciation-delete,role-admin,perm-inventory_depreciation-delete,PERMISSION_TYPE_ALLOW,true
rp-role-admin-perm-inventory_depreciation-list,role-admin,perm-inventory_depreciation-list,PERMISSION_TYPE_ALLOW,true
rp-role-admin-perm-inventory_serial_history-create,role-admin,perm-inventory_serial_history-create,PERMISSION_TYPE_ALLOW,true
rp-role-admin-perm-inventory_serial_history-read,role-admin,perm-inventory_serial_history-read,PERMISSION_TYPE_ALLOW,true
rp-role-admin-perm-inventory_serial_history-update,role-admin,perm-inventory_serial_history-update,PERMISSION_TYPE_ALLOW,true
rp-role-admin-perm-inventory_serial_history-delete,role-admin,perm-inventory_serial_history-delete,PERMISSION_TYPE_ALLOW,true
rp-role-admin-perm-inventory_serial_history-list,role-admin,perm-inventory_serial_history-list,PERMISSION_TYPE_ALLOW,true
rp-role-admin-perm-collection-create,role-admin,perm-collection-create,PERMISSION_TYPE_ALLOW,true
rp-role-admin-perm-collection-read,role-admin,perm-collection-read,PERMISSION_TYPE_ALLOW,true
rp-role-admin-perm-collection-update,role-admin,perm-collection-update,PERMISSION_TYPE_ALLOW,true
rp-role-admin-perm-collection-delete,role-admin,perm-collection-delete,PERMISSION_TYPE_ALLOW,true
rp-role-admin-perm-collection-list,role-admin,perm-collection-list,PERMISSION_TYPE_ALLOW,true
rp-role-admin-perm-collection_attribute-create,role-admin,perm-collection_attribute-create,PERMISSION_TYPE_ALLOW,true
rp-role-admin-perm-collection_attribute-read,role-admin,perm-collection_attribute-read,PERMISSION_TYPE_ALLOW,true
rp-role-admin-perm-collection_attribute-update,role-admin,perm-collection_attribute-update,PERMISSION_TYPE_ALLOW,true
rp-role-admin-perm-collection_attribute-delete,role-admin,perm-collection_attribute-delete,PERMISSION_TYPE_ALLOW,true
rp-role-admin-perm-collection_attribute-list,role-admin,perm-collection_attribute-list,PERMISSION_TYPE_ALLOW,true
rp-role-admin-perm-collection_plan-create,role-admin,perm-collection_plan-create,PERMISSION_TYPE_ALLOW,true
rp-role-admin-perm-collection_plan-read,role-admin,perm-collection_plan-read,PERMISSION_TYPE_ALLOW,true
rp-role-admin-perm-collection_plan-update,role-admin,perm-collection_plan-update,PERMISSION_TYPE_ALLOW,true
rp-role-admin-perm-collection_plan-delete,role-admin,perm-collection_plan-delete,PERMISSION_TYPE_ALLOW,true
rp-role-admin-perm-collection_plan-list,role-admin,perm-collection_plan-list,PERMISSION_TYPE_ALLOW,true
rp-role-admin-perm-price_list-create,role-admin,perm-price_list-create,PERMISSION_TYPE_ALLOW,true
rp-role-admin-perm-price_list-read,role-admin,perm-price_list-read,PERMISSION_TYPE_ALLOW,true
rp-role-admin-perm-price_list-update,role-admin,perm-price_list-update,PERMISSION_TYPE_ALLOW,true
rp-role-admin-perm-price_list-delete,role-admin,perm-price_list-delete,PERMISSION_TYPE_ALLOW,true
rp-role-admin-perm-price_list-list,role-admin,perm-price_list-list,PERMISSION_TYPE_ALLOW,true
rp-role-admin-perm-price_product-create,role-admin,perm-price_product-create,PERMISSION_TYPE_ALLOW,true
rp-role-admin-perm-price_product-read,role-admin,perm-price_product-read,PERMISSION_TYPE_ALLOW,true
rp-role-admin-perm-price_product-update,role-admin,perm-price_product-update,PERMISSION_TYPE_ALLOW,true
rp-role-admin-perm-price_product-delete,role-admin,perm-price_product-delete,PERMISSION_TYPE_ALLOW,true
rp-role-admin-perm-price_product-list,role-admin,perm-price_product-list,PERMISSION_TYPE_ALLOW,true
rp-role-admin-perm-product-create,role-admin,perm-product-create,PERMISSION_TYPE_ALLOW,true
rp-role-admin-perm-product-read,role-admin,perm-product-read,PERMISSION_TYPE_ALLOW,true
rp-role-admin-perm-product-update,role-admin,perm-product-update,PERMISSION_TYPE_ALLOW,true
rp-role-admin-perm-product-delete,role-admin,perm-product-delete,PERMISSION_TYPE_ALLOW,true
rp-role-admin-perm-product-list,role-admin,perm-product-list,PERMISSION_TYPE_ALLOW,true
rp-role-admin-perm-product_attribute-create,role-admin,perm-product_attribute-create,PERMISSION_TYPE_ALLOW,true
rp-role-admin-perm-product_attribute-read,role-admin,perm-product_attribute-read,PERMISSION_TYPE_ALLOW,true
rp-role-admin-perm-product_attribute-update,role-admin,perm-product_attribute-update,PERMISSION_TYPE_ALLOW,true
rp-role-admin-perm-product_attribute-delete,role-admin,perm-product_attribute-delete,PERMISSION_TYPE_ALLOW,true
rp-role-admin-perm-product_attribute-list,role-admin,perm-product_attribute-list,PERMISSION_TYPE_ALLOW,true
rp-role-admin-perm-product_collection-create,role-admin,perm-product_collection-create,PERMISSION_TYPE_ALLOW,true
rp-role-admin-perm-product_collection-read,role-admin,perm-product_collection-read,PERMISSION_TYPE_ALLOW,true
rp-role-admin-perm-product_collection-update,role-admin,perm-product_collection-update,PERMISSION_TYPE_ALLOW,true
rp-role-admin-perm-product_collection-delete,role-admin,perm-product_collection-delete,PERMISSION_TYPE_ALLOW,true
rp-role-admin-perm-product_collection-list,role-admin,perm-product_collection-list,PERMISSION_TYPE_ALLOW,true
rp-role-admin-perm-product_option-create,role-admin,perm-product_option-create,PERMISSION_TYPE_ALLOW,true
rp-role-admin-perm-product_option-read,role-admin,perm-product_option-read,PERMISSION_TYPE_ALLOW,true
rp-role-admin-perm-product_option-update,role-admin,perm-product_option-update,PERMISSION_TYPE_ALLOW,true
rp-role-admin-perm-product_option-delete,role-admin,perm-product_option-delete,PERMISSION_TYPE_ALLOW,true
rp-role-admin-perm-product_option-list,role-admin,perm-product_option-list,PERMISSION_TYPE_ALLOW,true
rp-role-admin-perm-product_option_value-create,role-admin,perm-product_option_value-create,PERMISSION_TYPE_ALLOW,true
rp-role-admin-perm-product_option_value-read,role-admin,perm-product_option_value-read,PERMISSION_TYPE_ALLOW,true
rp-role-admin-perm-product_option_value-update,role-admin,perm-product_option_value-update,PERMISSION_TYPE_ALLOW,true
rp-role-admin-perm-product_option_value-delete,role-admin,perm-product_option_value-delete,PERMISSION_TYPE_ALLOW,true
rp-role-admin-perm-product_option_value-list,role-admin,perm-product_option_value-list,PERMISSION_TYPE_ALLOW,true
rp-role-admin-perm-product_plan-create,role-admin,perm-product_plan-create,PERMISSION_TYPE_ALLOW,true
rp-role-admin-perm-product_plan-read,role-admin,perm-product_plan-read,PERMISSION_TYPE_ALLOW,true
rp-role-admin-perm-product_plan-update,role-admin,perm-product_plan-update,PERMISSION_TYPE_ALLOW,true
rp-role-admin-perm-product_plan-delete,role-admin,perm-product_plan-delete,PERMISSION_TYPE_ALLOW,true
rp-role-admin-perm-product_plan-list,role-admin,perm-product_plan-list,PERMISSION_TYPE_ALLOW,true
rp-role-admin-perm-product_variant-create,role-admin,perm-product_variant-create,PERMISSION_TYPE_ALLOW,true
rp-role-admin-perm-product_variant-read,role-admin,perm-product_variant-read,PERMISSION_TYPE_ALLOW,true
rp-role-admin-perm-product_variant-update,role-admin,perm-product_variant-update,PERMISSION_TYPE_ALLOW,true
rp-role-admin-perm-product_variant-delete,role-admin,perm-product_variant-delete,PERMISSION_TYPE_ALLOW,true
rp-role-admin-perm-product_variant-list,role-admin,perm-product_variant-list,PERMISSION_TYPE_ALLOW,true
rp-role-admin-perm-product_variant_image-create,role-admin,perm-product_variant_image-create,PERMISSION_TYPE_ALLOW,true
rp-role-admin-perm-product_variant_image-read,role-admin,perm-product_variant_image-read,PERMISSION_TYPE_ALLOW,true
rp-role-admin-perm-product_variant_image-update,role-admin,perm-product_variant_image-update,PERMISSION_TYPE_ALLOW,true
rp-role-admin-perm-product_variant_image-delete,role-admin,perm-product_variant_image-delete,PERMISSION_TYPE_ALLOW,true
rp-role-admin-perm-product_variant_image-list,role-admin,perm-product_variant_image-list,PERMISSION_TYPE_ALLOW,true
rp-role-admin-perm-product_variant_option-create,role-admin,perm-product_variant_option-create,PERMISSION_TYPE_ALLOW,true
rp-role-admin-perm-product_variant_option-read,role-admin,perm-product_variant_option-read,PERMISSION_TYPE_ALLOW,true
rp-role-admin-perm-product_variant_option-update,role-admin,perm-product_variant_option-update,PERMISSION_TYPE_ALLOW,true
rp-role-admin-perm-product_variant_option-delete,role-admin,perm-product_variant_option-delete,PERMISSION_TYPE_ALLOW,true
rp-role-admin-perm-product_variant_option-list,role-admin,perm-product_variant_option-list,PERMISSION_TYPE_ALLOW,true
rp-role-admin-perm-resource-create,role-admin,perm-resource-create,PERMISSION_TYPE_ALLOW,true
rp-role-admin-perm-resource-read,role-admin,perm-resource-read,PERMISSION_TYPE_ALLOW,true
rp-role-admin-perm-resource-update,role-admin,perm-resource-update,PERMISSION_TYPE_ALLOW,true
rp-role-admin-perm-resource-delete,role-admin,perm-resource-delete,PERMISSION_TYPE_ALLOW,true
rp-role-admin-perm-resource-list,role-admin,perm-resource-list,PERMISSION_TYPE_ALLOW,true
rp-role-admin-perm-record-create,role-admin,perm-record-create,PERMISSION_TYPE_ALLOW,true
rp-role-admin-perm-record-read,role-admin,perm-record-read,PERMISSION_TYPE_ALLOW,true
rp-role-admin-perm-record-update,role-admin,perm-record-update,PERMISSION_TYPE_ALLOW,true
rp-role-admin-perm-record-delete,role-admin,perm-record-delete,PERMISSION_TYPE_ALLOW,true
rp-role-admin-perm-record-list,role-admin,perm-record-list,PERMISSION_TYPE_ALLOW,true
rp-role-admin-perm-balance-create,role-admin,perm-balance-create,PERMISSION_TYPE_ALLOW,true
rp-role-admin-perm-balance-read,role-admin,perm-balance-read,PERMISSION_TYPE_ALLOW,true
rp-role-admin-perm-balance-update,role-admin,perm-balance-update,PERMISSION_TYPE_ALLOW,true
rp-role-admin-perm-balance-delete,role-admin,perm-balance-delete,PERMISSION_TYPE_ALLOW,true
rp-role-admin-perm-balance-list,role-admin,perm-balance-list,PERMISSION_TYPE_ALLOW,true
rp-role-admin-perm-balance_attribute-create,role-admin,perm-balance_attribute-create,PERMISSION_TYPE_ALLOW,true
rp-role-admin-perm-balance_attribute-read,role-admin,perm-balance_attribute-read,PERMISSION_TYPE_ALLOW,true
rp-role-admin-perm-balance_attribute-update,role-admin,perm-balance_attribute-update,PERMISSION_TYPE_ALLOW,true
rp-role-admin-perm-balance_attribute-delete,role-admin,perm-balance_attribute-delete,PERMISSION_TYPE_ALLOW,true
rp-role-admin-perm-balance_attribute-list,role-admin,perm-balance_attribute-list,PERMISSION_TYPE_ALLOW,true
rp-role-admin-perm-invoice-create,role-admin,perm-invoice-create,PERMISSION_TYPE_ALLOW,true
rp-role-admin-perm-invoice-read,role-admin,perm-invoice-read,PERMISSION_TYPE_ALLOW,true
rp-role-admin-perm-invoice-update,role-admin,perm-invoice-update,PERMISSION_TYPE_ALLOW,true
rp-role-admin-perm-invoice-delete,role-admin,perm-invoice-delete,PERMISSION_TYPE_ALLOW,true
rp-role-admin-perm-invoice-list,role-admin,perm-invoice-list,PERMISSION_TYPE_ALLOW,true
rp-role-admin-perm-invoice_attribute-create,role-admin,perm-invoice_attribute-create,PERMISSION_TYPE_ALLOW,true
rp-role-admin-perm-invoice_attribute-read,role-admin,perm-invoice_attribute-read,PERMISSION_TYPE_ALLOW,true
rp-role-admin-perm-invoice_attribute-update,role-admin,perm-invoice_attribute-update,PERMISSION_TYPE_ALLOW,true
rp-role-admin-perm-invoice_attribute-delete,role-admin,perm-invoice_attribute-delete,PERMISSION_TYPE_ALLOW,true
rp-role-admin-perm-invoice_attribute-list,role-admin,perm-invoice_attribute-list,PERMISSION_TYPE_ALLOW,true
rp-role-admin-perm-license-create,role-admin,perm-license-create,PERMISSION_TYPE_ALLOW,true
rp-role-admin-perm-license-read,role-admin,perm-license-read,PERMISSION_TYPE_ALLOW,true
rp-role-admin-perm-license-update,role-admin,perm-license-update,PERMISSION_TYPE_ALLOW,true
rp-role-admin-perm-license-delete,role-admin,perm-license-delete,PERMISSION_TYPE_ALLOW,true
rp-role-admin-perm-license-list,role-admin,perm-license-list,PERMISSION_TYPE_ALLOW,true
rp-role-admin-perm-license_history-create,role-admin,perm-license_history-create,PERMISSION_TYPE_ALLOW,true
rp-role-admin-perm-license_history-read,role-admin,perm-license_history-read,PERMISSION_TYPE_ALLOW,true
rp-role-admin-perm-license_history-update,role-admin,perm-license_history-update,PERMISSION_TYPE_ALLOW,true
rp-role-admin-perm-license_history-delete,role-admin,perm-license_history-delete,PERMISSION_TYPE_ALLOW,true
rp-role-admin-perm-license_history-list,role-admin,perm-license_history-list,PERMISSION_TYPE_ALLOW,true
rp-role-admin-perm-plan-create,role-admin,perm-plan-create,PERMISSION_TYPE_ALLOW,true
rp-role-admin-perm-plan-read,role-admin,perm-plan-read,PERMISSION_TYPE_ALLOW,true
rp-role-admin-perm-plan-update,role-admin,perm-plan-update,PERMISSION_TYPE_ALLOW,true
rp-role-admin-perm-plan-delete,role-admin,perm-plan-delete,PERMISSION_TYPE_ALLOW,true
rp-role-admin-perm-plan-list,role-admin,perm-plan-list,PERMISSION_TYPE_ALLOW,true
rp-role-admin-perm-plan_attribute-create,role-admin,perm-plan_attribute-create,PERMISSION_TYPE_ALLOW,true
rp-role-admin-perm-plan_attribute-read,role-admin,perm-plan_attribute-read,PERMISSION_TYPE_ALLOW,true
rp-role-admin-perm-plan_attribute-update,role-admin,perm-plan_attribute-update,PERMISSION_TYPE_ALLOW,true
rp-role-admin-perm-plan_attribute-delete,role-admin,perm-plan_attribute-delete,PERMISSION_TYPE_ALLOW,true
rp-role-admin-perm-plan_attribute-list,role-admin,perm-plan_attribute-list,PERMISSION_TYPE_ALLOW,true
rp-role-admin-perm-plan_settings-create,role-admin,perm-plan_settings-create,PERMISSION_TYPE_ALLOW,true
rp-role-admin-perm-plan_settings-read,role-admin,perm-plan_settings-read,PERMISSION_TYPE_ALLOW,true
rp-role-admin-perm-plan_settings-update,role-admin,perm-plan_settings-update,PERMISSION_TYPE_ALLOW,true
rp-role-admin-perm-plan_settings-delete,role-admin,perm-plan_settings-delete,PERMISSION_TYPE_ALLOW,true
rp-role-admin-perm-plan_settings-list,role-admin,perm-plan_settings-list,PERMISSION_TYPE_ALLOW,true
rp-role-admin-perm-price_plan-create,role-admin,perm-price_plan-create,PERMISSION_TYPE_ALLOW,true
rp-role-admin-perm-price_plan-read,role-admin,perm-price_plan-read,PERMISSION_TYPE_ALLOW,true
rp-role-admin-perm-price_plan-update,role-admin,perm-price_plan-update,PERMISSION_TYPE_ALLOW,true
rp-role-admin-perm-price_plan-delete,role-admin,perm-price_plan-delete,PERMISSION_TYPE_ALLOW,true
rp-role-admin-perm-price_plan-list,role-admin,perm-price_plan-list,PERMISSION_TYPE_ALLOW,true
rp-role-admin-perm-price_schedule-create,role-admin,perm-price_schedule-create,PERMISSION_TYPE_ALLOW,true
rp-role-admin-perm-price_schedule-read,role-admin,perm-price_schedule-read,PERMISSION_TYPE_ALLOW,true
rp-role-admin-perm-price_schedule-update,role-admin,perm-price_schedule-update,PERMISSION_TYPE_ALLOW,true
rp-role-admin-perm-price_schedule-delete,role-admin,perm-price_schedule-delete,PERMISSION_TYPE_ALLOW,true
rp-role-admin-perm-price_schedule-list,role-admin,perm-price_schedule-list,PERMISSION_TYPE_ALLOW,true
rp-role-admin-perm-product_price_plan-create,role-admin,perm-product_price_plan-create,PERMISSION_TYPE_ALLOW,true
rp-role-admin-perm-product_price_plan-read,role-admin,perm-product_price_plan-read,PERMISSION_TYPE_ALLOW,true
rp-role-admin-perm-product_price_plan-update,role-admin,perm-product_price_plan-update,PERMISSION_TYPE_ALLOW,true
rp-role-admin-perm-product_price_plan-delete,role-admin,perm-product_price_plan-delete,PERMISSION_TYPE_ALLOW,true
rp-role-admin-perm-product_price_plan-list,role-admin,perm-product_price_plan-list,PERMISSION_TYPE_ALLOW,true
rp-role-admin-perm-subscription-create,role-admin,perm-subscription-create,PERMISSION_TYPE_ALLOW,true
rp-role-admin-perm-subscription-read,role-admin,perm-subscription-read,PERMISSION_TYPE_ALLOW,true
rp-role-admin-perm-subscription-update,role-admin,perm-subscription-update,PERMISSION_TYPE_ALLOW,true
rp-role-admin-perm-subscription-delete,role-admin,perm-subscription-delete,PERMISSION_TYPE_ALLOW,true
rp-role-admin-perm-subscription-list,role-admin,perm-subscription-list,PERMISSION_TYPE_ALLOW,true
rp-role-admin-perm-subscription_attribute-create,role-admin,perm-subscription_attribute-create,PERMISSION_TYPE_ALLOW,true
rp-role-admin-perm-subscription_attribute-read,role-admin,perm-subscription_attribute-read,PERMISSION_TYPE_ALLOW,true
rp-role-admin-perm-subscription_attribute-update,role-admin,perm-subscription_attribute-update,PERMISSION_TYPE_ALLOW,true
rp-role-admin-perm-subscription_attribute-delete,role-admin,perm-subscription_attribute-delete,PERMISSION_TYPE_ALLOW,true
rp-role-admin-perm-subscription_attribute-list,role-admin,perm-subscription_attribute-list,PERMISSION_TYPE_ALLOW,true
rp-role-admin-perm-workflow-create,role-admin,perm-workflow-create,PERMISSION_TYPE_ALLOW,true
rp-role-admin-perm-workflow-read,role-admin,perm-workflow-read,PERMISSION_TYPE_ALLOW,true
rp-role-admin-perm-workflow-update,role-admin,perm-workflow-update,PERMISSION_TYPE_ALLOW,true
rp-role-admin-perm-workflow-delete,role-admin,perm-workflow-delete,PERMISSION_TYPE_ALLOW,true
rp-role-admin-perm-workflow-list,role-admin,perm-workflow-list,PERMISSION_TYPE_ALLOW,true
rp-role-admin-perm-workflow_template-create,role-admin,perm-workflow_template-create,PERMISSION_TYPE_ALLOW,true
rp-role-admin-perm-workflow_template-read,role-admin,perm-workflow_template-read,PERMISSION_TYPE_ALLOW,true
rp-role-admin-perm-workflow_template-update,role-admin,perm-workflow_template-update,PERMISSION_TYPE_ALLOW,true
rp-role-admin-perm-workflow_template-delete,role-admin,perm-workflow_template-delete,PERMISSION_TYPE_ALLOW,true
rp-role-admin-perm-workflow_template-list,role-admin,perm-workflow_template-list,PERMISSION_TYPE_ALLOW,true
rp-role-admin-perm-stage-create,role-admin,perm-stage-create,PERMISSION_TYPE_ALLOW,true
rp-role-admin-perm-stage-read,role-admin,perm-stage-read,PERMISSION_TYPE_ALLOW,true
rp-role-admin-perm-stage-update,role-admin,perm-stage-update,PERMISSION_TYPE_ALLOW,true
rp-role-admin-perm-stage-delete,role-admin,perm-stage-delete,PERMISSION_TYPE_ALLOW,true
rp-role-admin-perm-stage-list,role-admin,perm-stage-list,PERMISSION_TYPE_ALLOW,true
rp-role-admin-perm-stage_template-create,role-admin,perm-stage_template-create,PERMISSION_TYPE_ALLOW,true
rp-role-admin-perm-stage_template-read,role-admin,perm-stage_template-read,PERMISSION_TYPE_ALLOW,true
rp-role-admin-perm-stage_template-update,role-admin,perm-stage_template-update,PERMISSION_TYPE_ALLOW,true
rp-role-admin-perm-stage_template-delete,role-admin,perm-stage_template-delete,PERMISSION_TYPE_ALLOW,true
rp-role-admin-perm-stage_template-list,role-admin,perm-stage_template-list,PERMISSION_TYPE_ALLOW,true
rp-role-admin-perm-activity-create,role-admin,perm-activity-create,PERMISSION_TYPE_ALLOW,true
rp-role-admin-perm-activity-read,role-admin,perm-activity-read,PERMISSION_TYPE_ALLOW,true
rp-role-admin-perm-activity-update,role-admin,perm-activity-update,PERMISSION_TYPE_ALLOW,true
rp-role-admin-perm-activity-delete,role-admin,perm-activity-delete,PERMISSION_TYPE_ALLOW,true
rp-role-admin-perm-activity-list,role-admin,perm-activity-list,PERMISSION_TYPE_ALLOW,true
rp-role-admin-perm-activity_template-create,role-admin,perm-activity_template-create,PERMISSION_TYPE_ALLOW,true
rp-role-admin-perm-activity_template-read,role-admin,perm-activity_template-read,PERMISSION_TYPE_ALLOW,true
rp-role-admin-perm-activity_template-update,role-admin,perm-activity_template-update,PERMISSION_TYPE_ALLOW,true
rp-role-admin-perm-activity_template-delete,role-admin,perm-activity_template-delete,PERMISSION_TYPE_ALLOW,true
rp-role-admin-perm-activity_template-list,role-admin,perm-activity_template-list,PERMISSION_TYPE_ALLOW,true
rp-role-admin-perm-attribute-create,role-admin,perm-attribute-create,PERMISSION_TYPE_ALLOW,true
rp-role-admin-perm-attribute-read,role-admin,perm-attribute-read,PERMISSION_TYPE_ALLOW,true
rp-role-admin-perm-attribute-update,role-admin,perm-attribute-update,PERMISSION_TYPE_ALLOW,true
rp-role-admin-perm-attribute-delete,role-admin,perm-attribute-delete,PERMISSION_TYPE_ALLOW,true
rp-role-admin-perm-attribute-list,role-admin,perm-attribute-list,PERMISSION_TYPE_ALLOW,true
rp-role-admin-perm-asset-create,role-admin,perm-asset-create,PERMISSION_TYPE_ALLOW,true
rp-role-admin-perm-asset-read,role-admin,perm-asset-read,PERMISSION_TYPE_ALLOW,true
rp-role-admin-perm-asset-update,role-admin,perm-asset-update,PERMISSION_TYPE_ALLOW,true
rp-role-admin-perm-asset-delete,role-admin,perm-asset-delete,PERMISSION_TYPE_ALLOW,true
rp-role-admin-perm-asset-list,role-admin,perm-asset-list,PERMISSION_TYPE_ALLOW,true
rp-role-admin-perm-asset_category-create,role-admin,perm-asset_category-create,PERMISSION_TYPE_ALLOW,true
rp-role-admin-perm-asset_category-read,role-admin,perm-asset_category-read,PERMISSION_TYPE_ALLOW,true
rp-role-admin-perm-asset_category-update,role-admin,perm-asset_category-update,PERMISSION_TYPE_ALLOW,true
rp-role-admin-perm-asset_category-delete,role-admin,perm-asset_category-delete,PERMISSION_TYPE_ALLOW,true
rp-role-admin-perm-asset_category-list,role-admin,perm-asset_category-list,PERMISSION_TYPE_ALLOW,true
rp-role-admin-perm-asset_attribute-create,role-admin,perm-asset_attribute-create,PERMISSION_TYPE_ALLOW,true
rp-role-admin-perm-asset_attribute-read,role-admin,perm-asset_attribute-read,PERMISSION_TYPE_ALLOW,true
rp-role-admin-perm-asset_attribute-update,role-admin,perm-asset_attribute-update,PERMISSION_TYPE_ALLOW,true
rp-role-admin-perm-asset_attribute-delete,role-admin,perm-asset_attribute-delete,PERMISSION_TYPE_ALLOW,true
rp-role-admin-perm-asset_attribute-list,role-admin,perm-asset_attribute-list,PERMISSION_TYPE_ALLOW,true
rp-role-admin-perm-asset_location-create,role-admin,perm-asset_location-create,PERMISSION_TYPE_ALLOW,true
rp-role-admin-perm-asset_location-read,role-admin,perm-asset_location-read,PERMISSION_TYPE_ALLOW,true
rp-role-admin-perm-asset_location-update,role-admin,perm-asset_location-update,PERMISSION_TYPE_ALLOW,true
rp-role-admin-perm-asset_location-delete,role-admin,perm-asset_location-delete,PERMISSION_TYPE_ALLOW,true
rp-role-admin-perm-asset_location-list,role-admin,perm-asset_location-list,PERMISSION_TYPE_ALLOW,true
rp-role-admin-perm-depreciation_schedule-create,role-admin,perm-depreciation_schedule-create,PERMISSION_TYPE_ALLOW,true
rp-role-admin-perm-depreciation_schedule-read,role-admin,perm-depreciation_schedule-read,PERMISSION_TYPE_ALLOW,true
rp-role-admin-perm-depreciation_schedule-update,role-admin,perm-depreciation_schedule-update,PERMISSION_TYPE_ALLOW,true
rp-role-admin-perm-depreciation_schedule-delete,role-admin,perm-depreciation_schedule-delete,PERMISSION_TYPE_ALLOW,true
rp-role-admin-perm-depreciation_schedule-list,role-admin,perm-depreciation_schedule-list,PERMISSION_TYPE_ALLOW,true
rp-role-admin-perm-asset_transaction-create,role-admin,perm-asset_transaction-create,PERMISSION_TYPE_ALLOW,true
rp-role-admin-perm-asset_transaction-read,role-admin,perm-asset_transaction-read,PERMISSION_TYPE_ALLOW,true
rp-role-admin-perm-asset_transaction-update,role-admin,perm-asset_transaction-update,PERMISSION_TYPE_ALLOW,true
rp-role-admin-perm-asset_transaction-delete,role-admin,perm-asset_transaction-delete,PERMISSION_TYPE_ALLOW,true
rp-role-admin-perm-asset_transaction-list,role-admin,perm-asset_transaction-list,PERMISSION_TYPE_ALLOW,true
rp-role-admin-perm-asset_disposal-create,role-admin,perm-asset_disposal-create,PERMISSION_TYPE_ALLOW,true
rp-role-admin-perm-asset_disposal-read,role-admin,perm-asset_disposal-read,PERMISSION_TYPE_ALLOW,true
rp-role-admin-perm-asset_disposal-update,role-admin,perm-asset_disposal-update,PERMISSION_TYPE_ALLOW,true
rp-role-admin-perm-asset_disposal-delete,role-admin,perm-asset_disposal-delete,PERMISSION_TYPE_ALLOW,true
rp-role-admin-perm-asset_disposal-list,role-admin,perm-asset_disposal-list,PERMISSION_TYPE_ALLOW,true
rp-role-admin-perm-asset_revaluation-create,role-admin,perm-asset_revaluation-create,PERMISSION_TYPE_ALLOW,true
rp-role-admin-perm-asset_revaluation-read,role-admin,perm-asset_revaluation-read,PERMISSION_TYPE_ALLOW,true
rp-role-admin-perm-asset_revaluation-update,role-admin,perm-asset_revaluation-update,PERMISSION_TYPE_ALLOW,true
rp-role-admin-perm-asset_revaluation-delete,role-admin,perm-asset_revaluation-delete,PERMISSION_TYPE_ALLOW,true
rp-role-admin-perm-asset_revaluation-list,role-admin,perm-asset_revaluation-list,PERMISSION_TYPE_ALLOW,true
rp-role-admin-perm-asset_maintenance-create,role-admin,perm-asset_maintenance-create,PERMISSION_TYPE_ALLOW,true
rp-role-admin-perm-asset_maintenance-read,role-admin,perm-asset_maintenance-read,PERMISSION_TYPE_ALLOW,true
rp-role-admin-perm-asset_maintenance-update,role-admin,perm-asset_maintenance-update,PERMISSION_TYPE_ALLOW,true
rp-role-admin-perm-asset_maintenance-delete,role-admin,perm-asset_maintenance-delete,PERMISSION_TYPE_ALLOW,true
rp-role-admin-perm-asset_maintenance-list,role-admin,perm-asset_maintenance-list,PERMISSION_TYPE_ALLOW,true
rp-role-admin-perm-asset_component-create,role-admin,perm-asset_component-create,PERMISSION_TYPE_ALLOW,true
rp-role-admin-perm-asset_component-read,role-admin,perm-asset_component-read,PERMISSION_TYPE_ALLOW,true
rp-role-admin-perm-asset_component-update,role-admin,perm-asset_component-update,PERMISSION_TYPE_ALLOW,true
rp-role-admin-perm-asset_component-delete,role-admin,perm-asset_component-delete,PERMISSION_TYPE_ALLOW,true
rp-role-admin-perm-asset_component-list,role-admin,perm-asset_component-list,PERMISSION_TYPE_ALLOW,true
rp-role-admin-perm-supplier-create,role-admin,perm-supplier-create,PERMISSION_TYPE_ALLOW,true
rp-role-admin-perm-supplier-read,role-admin,perm-supplier-read,PERMISSION_TYPE_ALLOW,true
rp-role-admin-perm-supplier-update,role-admin,perm-supplier-update,PERMISSION_TYPE_ALLOW,true
rp-role-admin-perm-supplier-delete,role-admin,perm-supplier-delete,PERMISSION_TYPE_ALLOW,true
rp-role-admin-perm-supplier-list,role-admin,perm-supplier-list,PERMISSION_TYPE_ALLOW,true
rp-role-admin-perm-supplier_category-create,role-admin,perm-supplier_category-create,PERMISSION_TYPE_ALLOW,true
rp-role-admin-perm-supplier_category-read,role-admin,perm-supplier_category-read,PERMISSION_TYPE_ALLOW,true
rp-role-admin-perm-supplier_category-update,role-admin,perm-supplier_category-update,PERMISSION_TYPE_ALLOW,true
rp-role-admin-perm-supplier_category-delete,role-admin,perm-supplier_category-delete,PERMISSION_TYPE_ALLOW,true
rp-role-admin-perm-supplier_category-list,role-admin,perm-supplier_category-list,PERMISSION_TYPE_ALLOW,true
rp-role-admin-perm-supplier_attribute-create,role-admin,perm-supplier_attribute-create,PERMISSION_TYPE_ALLOW,true
rp-role-admin-perm-supplier_attribute-read,role-admin,perm-supplier_attribute-read,PERMISSION_TYPE_ALLOW,true
rp-role-admin-perm-supplier_attribute-update,role-admin,perm-supplier_attribute-update,PERMISSION_TYPE_ALLOW,true
rp-role-admin-perm-supplier_attribute-delete,role-admin,perm-supplier_attribute-delete,PERMISSION_TYPE_ALLOW,true
rp-role-admin-perm-supplier_attribute-list,role-admin,perm-supplier_attribute-list,PERMISSION_TYPE_ALLOW,true
rp-role-admin-perm-service-create,role-admin,perm-service-create,PERMISSION_TYPE_ALLOW,true
rp-role-admin-perm-service-read,role-admin,perm-service-read,PERMISSION_TYPE_ALLOW,true
rp-role-admin-perm-service-update,role-admin,perm-service-update,PERMISSION_TYPE_ALLOW,true
rp-role-admin-perm-service-delete,role-admin,perm-service-delete,PERMISSION_TYPE_ALLOW,true
rp-role-admin-perm-service-list,role-admin,perm-service-list,PERMISSION_TYPE_ALLOW,true
rp-role-admin-perm-purchase-create,role-admin,perm-purchase-create,PERMISSION_TYPE_ALLOW,true
rp-role-admin-perm-purchase-read,role-admin,perm-purchase-read,PERMISSION_TYPE_ALLOW,true
rp-role-admin-perm-purchase-update,role-admin,perm-purchase-update,PERMISSION_TYPE_ALLOW,true
rp-role-admin-perm-purchase-delete,role-admin,perm-purchase-delete,PERMISSION_TYPE_ALLOW,true
rp-role-admin-perm-purchase-list,role-admin,perm-purchase-list,PERMISSION_TYPE_ALLOW,true
rp-role-admin-perm-expense-create,role-admin,perm-expense-create,PERMISSION_TYPE_ALLOW,true
rp-role-admin-perm-expense-read,role-admin,perm-expense-read,PERMISSION_TYPE_ALLOW,true
rp-role-admin-perm-expense-update,role-admin,perm-expense-update,PERMISSION_TYPE_ALLOW,true
rp-role-admin-perm-expense-delete,role-admin,perm-expense-delete,PERMISSION_TYPE_ALLOW,true
rp-role-admin-perm-expense-list,role-admin,perm-expense-list,PERMISSION_TYPE_ALLOW,true
rp-role-admin-perm-job-create,role-admin,perm-job-create,PERMISSION_TYPE_ALLOW,true
rp-role-admin-perm-job-read,role-admin,perm-job-read,PERMISSION_TYPE_ALLOW,true
rp-role-admin-perm-job-update,role-admin,perm-job-update,PERMISSION_TYPE_ALLOW,true
rp-role-admin-perm-job-delete,role-admin,perm-job-delete,PERMISSION_TYPE_ALLOW,true
rp-role-admin-perm-job-list,role-admin,perm-job-list,PERMISSION_TYPE_ALLOW,true
rp-role-admin-perm-job_template-create,role-admin,perm-job_template-create,PERMISSION_TYPE_ALLOW,true
rp-role-admin-perm-job_template-read,role-admin,perm-job_template-read,PERMISSION_TYPE_ALLOW,true
rp-role-admin-perm-job_template-update,role-admin,perm-job_template-update,PERMISSION_TYPE_ALLOW,true
rp-role-admin-perm-job_template-delete,role-admin,perm-job_template-delete,PERMISSION_TYPE_ALLOW,true
rp-role-admin-perm-job_template-list,role-admin,perm-job_template-list,PERMISSION_TYPE_ALLOW,true
rp-role-admin-perm-job_activity-create,role-admin,perm-job_activity-create,PERMISSION_TYPE_ALLOW,true
rp-role-admin-perm-job_activity-read,role-admin,perm-job_activity-read,PERMISSION_TYPE_ALLOW,true
rp-role-admin-perm-job_activity-update,role-admin,perm-job_activity-update,PERMISSION_TYPE_ALLOW,true
rp-role-admin-perm-job_activity-delete,role-admin,perm-job_activity-delete,PERMISSION_TYPE_ALLOW,true
rp-role-admin-perm-job_activity-list,role-admin,perm-job_activity-list,PERMISSION_TYPE_ALLOW,true
rp-role-admin-perm-fulfillment-create,role-admin,perm-fulfillment-create,PERMISSION_TYPE_ALLOW,true
rp-role-admin-perm-fulfillment-read,role-admin,perm-fulfillment-read,PERMISSION_TYPE_ALLOW,true
rp-role-admin-perm-fulfillment-update,role-admin,perm-fulfillment-update,PERMISSION_TYPE_ALLOW,true
rp-role-admin-perm-fulfillment-delete,role-admin,perm-fulfillment-delete,PERMISSION_TYPE_ALLOW,true
rp-role-admin-perm-fulfillment-list,role-admin,perm-fulfillment-list,PERMISSION_TYPE_ALLOW,true
rp-role-admin-perm-outcome_criteria-create,role-admin,perm-outcome_criteria-create,PERMISSION_TYPE_ALLOW,true
rp-role-admin-perm-outcome_criteria-read,role-admin,perm-outcome_criteria-read,PERMISSION_TYPE_ALLOW,true
rp-role-admin-perm-outcome_criteria-update,role-admin,perm-outcome_criteria-update,PERMISSION_TYPE_ALLOW,true
rp-role-admin-perm-outcome_criteria-delete,role-admin,perm-outcome_criteria-delete,PERMISSION_TYPE_ALLOW,true
rp-role-admin-perm-outcome_criteria-list,role-admin,perm-outcome_criteria-list,PERMISSION_TYPE_ALLOW,true
rp-role-admin-perm-criteria_threshold-create,role-admin,perm-criteria_threshold-create,PERMISSION_TYPE_ALLOW,true
rp-role-admin-perm-criteria_threshold-read,role-admin,perm-criteria_threshold-read,PERMISSION_TYPE_ALLOW,true
rp-role-admin-perm-criteria_threshold-update,role-admin,perm-criteria_threshold-update,PERMISSION_TYPE_ALLOW,true
rp-role-admin-perm-criteria_threshold-delete,role-admin,perm-criteria_threshold-delete,PERMISSION_TYPE_ALLOW,true
rp-role-admin-perm-criteria_threshold-list,role-admin,perm-criteria_threshold-list,PERMISSION_TYPE_ALLOW,true
rp-role-admin-perm-criteria_option-create,role-admin,perm-criteria_option-create,PERMISSION_TYPE_ALLOW,true
rp-role-admin-perm-criteria_option-read,role-admin,perm-criteria_option-read,PERMISSION_TYPE_ALLOW,true
rp-role-admin-perm-criteria_option-update,role-admin,perm-criteria_option-update,PERMISSION_TYPE_ALLOW,true
rp-role-admin-perm-criteria_option-delete,role-admin,perm-criteria_option-delete,PERMISSION_TYPE_ALLOW,true
rp-role-admin-perm-criteria_option-list,role-admin,perm-criteria_option-list,PERMISSION_TYPE_ALLOW,true
rp-role-admin-perm-template_task_criteria-create,role-admin,perm-template_task_criteria-create,PERMISSION_TYPE_ALLOW,true
rp-role-admin-perm-template_task_criteria-read,role-admin,perm-template_task_criteria-read,PERMISSION_TYPE_ALLOW,true
rp-role-admin-perm-template_task_criteria-update,role-admin,perm-template_task_criteria-update,PERMISSION_TYPE_ALLOW,true
rp-role-admin-perm-template_task_criteria-delete,role-admin,perm-template_task_criteria-delete,PERMISSION_TYPE_ALLOW,true
rp-role-admin-perm-template_task_criteria-list,role-admin,perm-template_task_criteria-list,PERMISSION_TYPE_ALLOW,true
rp-role-admin-perm-task_outcome-create,role-admin,perm-task_outcome-create,PERMISSION_TYPE_ALLOW,true
rp-role-admin-perm-task_outcome-read,role-admin,perm-task_outcome-read,PERMISSION_TYPE_ALLOW,true
rp-role-admin-perm-task_outcome-update,role-admin,perm-task_outcome-update,PERMISSION_TYPE_ALLOW,true
rp-role-admin-perm-task_outcome-delete,role-admin,perm-task_outcome-delete,PERMISSION_TYPE_ALLOW,true
rp-role-admin-perm-task_outcome-list,role-admin,perm-task_outcome-list,PERMISSION_TYPE_ALLOW,true
rp-role-admin-perm-task_outcome_check-create,role-admin,perm-task_outcome_check-create,PERMISSION_TYPE_ALLOW,true
rp-role-admin-perm-task_outcome_check-read,role-admin,perm-task_outcome_check-read,PERMISSION_TYPE_ALLOW,true
rp-role-admin-perm-task_outcome_check-update,role-admin,perm-task_outcome_check-update,PERMISSION_TYPE_ALLOW,true
rp-role-admin-perm-task_outcome_check-delete,role-admin,perm-task_outcome_check-delete,PERMISSION_TYPE_ALLOW,true
rp-role-admin-perm-task_outcome_check-list,role-admin,perm-task_outcome_check-list,PERMISSION_TYPE_ALLOW,true
rp-role-admin-perm-phase_outcome_summary-create,role-admin,perm-phase_outcome_summary-create,PERMISSION_TYPE_ALLOW,true
rp-role-admin-perm-phase_outcome_summary-read,role-admin,perm-phase_outcome_summary-read,PERMISSION_TYPE_ALLOW,true
rp-role-admin-perm-phase_outcome_summary-update,role-admin,perm-phase_outcome_summary-update,PERMISSION_TYPE_ALLOW,true
rp-role-admin-perm-phase_outcome_summary-delete,role-admin,perm-phase_outcome_summary-delete,PERMISSION_TYPE_ALLOW,true
rp-role-admin-perm-phase_outcome_summary-list,role-admin,perm-phase_outcome_summary-list,PERMISSION_TYPE_ALLOW,true
rp-role-admin-perm-job_outcome_summary-create,role-admin,perm-job_outcome_summary-create,PERMISSION_TYPE_ALLOW,true
rp-role-admin-perm-job_outcome_summary-read,role-admin,perm-job_outcome_summary-read,PERMISSION_TYPE_ALLOW,true
rp-role-admin-perm-job_outcome_summary-update,role-admin,perm-job_outcome_summary-update,PERMISSION_TYPE_ALLOW,true
rp-role-admin-perm-job_outcome_summary-delete,role-admin,perm-job_outcome_summary-delete,PERMISSION_TYPE_ALLOW,true
rp-role-admin-perm-job_outcome_summary-list,role-admin,perm-job_outcome_summary-list,PERMISSION_TYPE_ALLOW,true
rp-role-admin-perm-account-create,role-admin,perm-account-create,PERMISSION_TYPE_ALLOW,true
rp-role-admin-perm-account-read,role-admin,perm-account-read,PERMISSION_TYPE_ALLOW,true
rp-role-admin-perm-account-update,role-admin,perm-account-update,PERMISSION_TYPE_ALLOW,true
rp-role-admin-perm-account-delete,role-admin,perm-account-delete,PERMISSION_TYPE_ALLOW,true
rp-role-admin-perm-account-list,role-admin,perm-account-list,PERMISSION_TYPE_ALLOW,true
rp-role-admin-perm-journal-create,role-admin,perm-journal-create,PERMISSION_TYPE_ALLOW,true
rp-role-admin-perm-journal-read,role-admin,perm-journal-read,PERMISSION_TYPE_ALLOW,true
rp-role-admin-perm-journal-update,role-admin,perm-journal-update,PERMISSION_TYPE_ALLOW,true
rp-role-admin-perm-journal-delete,role-admin,perm-journal-delete,PERMISSION_TYPE_ALLOW,true
rp-role-admin-perm-journal-list,role-admin,perm-journal-list,PERMISSION_TYPE_ALLOW,true
rp-role-admin-perm-period-create,role-admin,perm-period-create,PERMISSION_TYPE_ALLOW,true
rp-role-admin-perm-period-read,role-admin,perm-period-read,PERMISSION_TYPE_ALLOW,true
rp-role-admin-perm-period-update,role-admin,perm-period-update,PERMISSION_TYPE_ALLOW,true
rp-role-admin-perm-period-delete,role-admin,perm-period-delete,PERMISSION_TYPE_ALLOW,true
rp-role-admin-perm-period-list,role-admin,perm-period-list,PERMISSION_TYPE_ALLOW,true
rp-role-admin-perm-loan-create,role-admin,perm-loan-create,PERMISSION_TYPE_ALLOW,true
rp-role-admin-perm-loan-read,role-admin,perm-loan-read,PERMISSION_TYPE_ALLOW,true
rp-role-admin-perm-loan-update,role-admin,perm-loan-update,PERMISSION_TYPE_ALLOW,true
rp-role-admin-perm-loan-delete,role-admin,perm-loan-delete,PERMISSION_TYPE_ALLOW,true
rp-role-admin-perm-loan-list,role-admin,perm-loan-list,PERMISSION_TYPE_ALLOW,true
rp-role-admin-perm-equity-create,role-admin,perm-equity-create,PERMISSION_TYPE_ALLOW,true
rp-role-admin-perm-equity-read,role-admin,perm-equity-read,PERMISSION_TYPE_ALLOW,true
rp-role-admin-perm-equity-update,role-admin,perm-equity-update,PERMISSION_TYPE_ALLOW,true
rp-role-admin-perm-equity-delete,role-admin,perm-equity-delete,PERMISSION_TYPE_ALLOW,true
rp-role-admin-perm-equity-list,role-admin,perm-equity-list,PERMISSION_TYPE_ALLOW,true
rp-role-admin-perm-payroll-create,role-admin,perm-payroll-create,PERMISSION_TYPE_ALLOW,true
rp-role-admin-perm-payroll-read,role-admin,perm-payroll-read,PERMISSION_TYPE_ALLOW,true
rp-role-admin-perm-payroll-update,role-admin,perm-payroll-update,PERMISSION_TYPE_ALLOW,true
rp-role-admin-perm-payroll-delete,role-admin,perm-payroll-delete,PERMISSION_TYPE_ALLOW,true
rp-role-admin-perm-payroll-list,role-admin,perm-payroll-list,PERMISSION_TYPE_ALLOW,true
rp-role-admin-perm-petty_cash-create,role-admin,perm-petty_cash-create,PERMISSION_TYPE_ALLOW,true
rp-role-admin-perm-petty_cash-read,role-admin,perm-petty_cash-read,PERMISSION_TYPE_ALLOW,true
rp-role-admin-perm-petty_cash-update,role-admin,perm-petty_cash-update,PERMISSION_TYPE_ALLOW,true
rp-role-admin-perm-petty_cash-delete,role-admin,perm-petty_cash-delete,PERMISSION_TYPE_ALLOW,true
rp-role-admin-perm-petty_cash-list,role-admin,perm-petty_cash-list,PERMISSION_TYPE_ALLOW,true
rp-role-admin-perm-prepayment-create,role-admin,perm-prepayment-create,PERMISSION_TYPE_ALLOW,true
rp-role-admin-perm-prepayment-read,role-admin,perm-prepayment-read,PERMISSION_TYPE_ALLOW,true
rp-role-admin-perm-prepayment-update,role-admin,perm-prepayment-update,PERMISSION_TYPE_ALLOW,true
rp-role-admin-perm-prepayment-delete,role-admin,perm-prepayment-delete,PERMISSION_TYPE_ALLOW,true
rp-role-admin-perm-prepayment-list,role-admin,perm-prepayment-list,PERMISSION_TYPE_ALLOW,true
rp-role-admin-perm-deposit-create,role-admin,perm-deposit-create,PERMISSION_TYPE_ALLOW,true
rp-role-admin-perm-deposit-read,role-admin,perm-deposit-read,PERMISSION_TYPE_ALLOW,true
rp-role-admin-perm-deposit-update,role-admin,perm-deposit-update,PERMISSION_TYPE_ALLOW,true
rp-role-admin-perm-deposit-delete,role-admin,perm-deposit-delete,PERMISSION_TYPE_ALLOW,true
rp-role-admin-perm-deposit-list,role-admin,perm-deposit-list,PERMISSION_TYPE_ALLOW,true
rp-role-admin-perm-integration_config-create,role-admin,perm-integration_config-create,PERMISSION_TYPE_ALLOW,true
rp-role-admin-perm-integration_config-read,role-admin,perm-integration_config-read,PERMISSION_TYPE_ALLOW,true
rp-role-admin-perm-integration_config-update,role-admin,perm-integration_config-update,PERMISSION_TYPE_ALLOW,true
rp-role-admin-perm-integration_config-delete,role-admin,perm-integration_config-delete,PERMISSION_TYPE_ALLOW,true
rp-role-admin-perm-integration_config-list,role-admin,perm-integration_config-list,PERMISSION_TYPE_ALLOW,true
rp-role-admin-perm-role_permission-create,role-admin,perm-role_permission-create,PERMISSION_TYPE_ALLOW,true
rp-role-admin-perm-role_permission-read,role-admin,perm-role_permission-read,PERMISSION_TYPE_ALLOW,true
rp-role-admin-perm-role_permission-delete,role-admin,perm-role_permission-delete,PERMISSION_TYPE_ALLOW,true
rp-role-admin-perm-role_permission-list,role-admin,perm-role_permission-list,PERMISSION_TYPE_ALLOW,true
rp-role-admin-perm-event_occurrence-read,role-admin,perm-event_occurrence-read,PERMISSION_TYPE_ALLOW,true
rp-role-admin-perm-event_occurrence-list,role-admin,perm-event_occurrence-list,PERMISSION_TYPE_ALLOW,true
rp-role-admin-perm-fulfillment_return-list,role-admin,perm-fulfillment_return-list,PERMISSION_TYPE_ALLOW,true
rp-role-admin-perm-fulfillment_return-create,role-admin,perm-fulfillment_return-create,PERMISSION_TYPE_ALLOW,true
rp-role-admin-perm-fulfillment_return-read,role-admin,perm-fulfillment_return-read,PERMISSION_TYPE_ALLOW,true
rp-role-admin-perm-reports-view,role-admin,perm-reports-view,PERMISSION_TYPE_ALLOW,true
rp-role-admin-perm-dashboard-view,role-admin,perm-dashboard-view,PERMISSION_TYPE_ALLOW,true
rp-role-admin-perm-ledger-view,role-admin,perm-ledger-view,PERMISSION_TYPE_ALLOW,true
rp-role-admin-perm-journal-post,role-admin,perm-journal-post,PERMISSION_TYPE_ALLOW,true
rp-role-admin-perm-journal-post_manual,role-admin,perm-journal-post_manual,PERMISSION_TYPE_ALLOW,true
rp-role-admin-perm-journal-post_manual_approve,role-admin,perm-journal-post_manual_approve,PERMISSION_TYPE_ALLOW,true
rp-role-admin-perm-journal-reverse,role-admin,perm-journal-reverse,PERMISSION_TYPE_ALLOW,true
rp-role-admin-perm-period-close,role-admin,perm-period-close,PERMISSION_TYPE_ALLOW,true
rp-role-admin-perm-period-reopen,role-admin,perm-period-reopen,PERMISSION_TYPE_ALLOW,true
rp-role-admin-perm-loan-payment,role-admin,perm-loan-payment,PERMISSION_TYPE_ALLOW,true
rp-role-admin-perm-petty_cash-replenish,role-admin,perm-petty_cash-replenish,PERMISSION_TYPE_ALLOW,true
rp-role-admin-perm-deposit-apply,role-admin,perm-deposit-apply,PERMISSION_TYPE_ALLOW,true
rp-role-admin-perm-deposit-refund,role-admin,perm-deposit-refund,PERMISSION_TYPE_ALLOW,true
rp-role-admin-perm-bad_debt-configure,role-admin,perm-bad_debt-configure,PERMISSION_TYPE_ALLOW,true
rp-role-admin-perm-bad_debt-provision,role-admin,perm-bad_debt-provision,PERMISSION_TYPE_ALLOW,true
rp-role-admin-perm-payroll-approve,role-admin,perm-payroll-approve,PERMISSION_TYPE_ALLOW,true
rp-role-admin-perm-payroll-post,role-admin,perm-payroll-post,PERMISSION_TYPE_ALLOW,true
rp-role-admin-perm-fulfillment-transition,role-admin,perm-fulfillment-transition,PERMISSION_TYPE_ALLOW,true
rp-role-admin-perm-integration-view,role-admin,perm-integration-view,PERMISSION_TYPE_ALLOW,true
rp-role-admin-perm-integration-manage,role-admin,perm-integration-manage,PERMISSION_TYPE_ALLOW,true
rp-role-admin-perm-audit_trail-read,role-admin,perm-audit_trail-read,PERMISSION_TYPE_ALLOW,true
rp-role-admin-perm-audit_trail-export,role-admin,perm-audit_trail-export,PERMISSION_TYPE_ALLOW,true
rp-role-admin-perm-supplies-create,role-admin,perm-supplies-create,PERMISSION_TYPE_ALLOW,true
rp-role-admin-perm-supplies-read,role-admin,perm-supplies-read,PERMISSION_TYPE_ALLOW,true
rp-role-admin-perm-supplies-update,role-admin,perm-supplies-update,PERMISSION_TYPE_ALLOW,true
rp-role-admin-perm-supplies-delete,role-admin,perm-supplies-delete,PERMISSION_TYPE_ALLOW,true
rp-role-admin-perm-supplies-list,role-admin,perm-supplies-list,PERMISSION_TYPE_ALLOW,true
rp-role-admin-perm-supplier_contract-list,role-admin,perm-supplier_contract-list,PERMISSION_TYPE_ALLOW,true
rp-role-admin-perm-supplier_contract-create,role-admin,perm-supplier_contract-create,PERMISSION_TYPE_ALLOW,true
rp-role-admin-perm-supplier_contract-update,role-admin,perm-supplier_contract-update,PERMISSION_TYPE_ALLOW,true
rp-role-admin-perm-supplier_contract-delete,role-admin,perm-supplier_contract-delete,PERMISSION_TYPE_ALLOW,true
rp-role-admin-perm-supplier_contract-approve,role-admin,perm-supplier_contract-approve,PERMISSION_TYPE_ALLOW,true
rp-role-admin-perm-supplier_contract-terminate,role-admin,perm-supplier_contract-terminate,PERMISSION_TYPE_ALLOW,true
rp-role-admin-perm-supplier_contract_line-list,role-admin,perm-supplier_contract_line-list,PERMISSION_TYPE_ALLOW,true
rp-role-admin-perm-supplier_contract_line-create,role-admin,perm-supplier_contract_line-create,PERMISSION_TYPE_ALLOW,true
rp-role-admin-perm-supplier_contract_line-update,role-admin,perm-supplier_contract_line-update,PERMISSION_TYPE_ALLOW,true
rp-role-admin-perm-supplier_contract_line-delete,role-admin,perm-supplier_contract_line-delete,PERMISSION_TYPE_ALLOW,true
rp-role-admin-perm-procurement_request-list,role-admin,perm-procurement_request-list,PERMISSION_TYPE_ALLOW,true
rp-role-admin-perm-procurement_request-create,role-admin,perm-procurement_request-create,PERMISSION_TYPE_ALLOW,true
rp-role-admin-perm-procurement_request-update,role-admin,perm-procurement_request-update,PERMISSION_TYPE_ALLOW,true
rp-role-admin-perm-procurement_request-delete,role-admin,perm-procurement_request-delete,PERMISSION_TYPE_ALLOW,true
rp-role-admin-perm-procurement_request-submit,role-admin,perm-procurement_request-submit,PERMISSION_TYPE_ALLOW,true
rp-role-admin-perm-procurement_request-approve,role-admin,perm-procurement_request-approve,PERMISSION_TYPE_ALLOW,true
rp-role-admin-perm-procurement_request-reject,role-admin,perm-procurement_request-reject,PERMISSION_TYPE_ALLOW,true
rp-role-admin-perm-procurement_request_line-list,role-admin,perm-procurement_request_line-list,PERMISSION_TYPE_ALLOW,true
rp-role-admin-perm-procurement_request_line-create,role-admin,perm-procurement_request_line-create,PERMISSION_TYPE_ALLOW,true
rp-role-admin-perm-procurement_request_line-update,role-admin,perm-procurement_request_line-update,PERMISSION_TYPE_ALLOW,true
rp-role-admin-perm-procurement_request_line-delete,role-admin,perm-procurement_request_line-delete,PERMISSION_TYPE_ALLOW,true
rp-role-admin-perm-supplier_contract_price_schedule-list,role-admin,perm-supplier_contract_price_schedule-list,PERMISSION_TYPE_ALLOW,true
rp-role-admin-perm-supplier_contract_price_schedule-create,role-admin,perm-supplier_contract_price_schedule-create,PERMISSION_TYPE_ALLOW,true
rp-role-admin-perm-supplier_contract_price_schedule-update,role-admin,perm-supplier_contract_price_schedule-update,PERMISSION_TYPE_ALLOW,true
rp-role-admin-perm-supplier_contract_price_schedule-delete,role-admin,perm-supplier_contract_price_schedule-delete,PERMISSION_TYPE_ALLOW,true
rp-role-admin-perm-supplier_contract_price_schedule-activate,role-admin,perm-supplier_contract_price_schedule-activate,PERMISSION_TYPE_ALLOW,true
rp-role-admin-perm-supplier_contract_price_schedule-supersede,role-admin,perm-supplier_contract_price_schedule-supersede,PERMISSION_TYPE_ALLOW,true
rp-role-admin-perm-supplier_contract_price_schedule_line-list,role-admin,perm-supplier_contract_price_schedule_line-list,PERMISSION_TYPE_ALLOW,true
rp-role-admin-perm-expense_recognition-list,role-admin,perm-expense_recognition-list,PERMISSION_TYPE_ALLOW,true
rp-role-admin-perm-expense_recognition-read,role-admin,perm-expense_recognition-read,PERMISSION_TYPE_ALLOW,true
rp-role-admin-perm-expense_recognition-create,role-admin,perm-expense_recognition-create,PERMISSION_TYPE_ALLOW,true
rp-role-admin-perm-expense_recognition-reverse,role-admin,perm-expense_recognition-reverse,PERMISSION_TYPE_ALLOW,true
rp-role-admin-perm-accrued_expense-list,role-admin,perm-accrued_expense-list,PERMISSION_TYPE_ALLOW,true
rp-role-admin-perm-accrued_expense-read,role-admin,perm-accrued_expense-read,PERMISSION_TYPE_ALLOW,true
rp-role-admin-perm-accrued_expense-create,role-admin,perm-accrued_expense-create,PERMISSION_TYPE_ALLOW,true
rp-role-admin-perm-accrued_expense-settle,role-admin,perm-accrued_expense-settle,PERMISSION_TYPE_ALLOW,true
rp-role-admin-perm-accrued_expense-reverse,role-admin,perm-accrued_expense-reverse,PERMISSION_TYPE_ALLOW,true
rp-role-admin-perm-user-dashboard,role-admin,perm-user-dashboard,PERMISSION_TYPE_ALLOW,true
rp-role-admin-perm-client-dashboard,role-admin,perm-client-dashboard,PERMISSION_TYPE_ALLOW,true
rp-role-admin-perm-product-dashboard,role-admin,perm-product-dashboard,PERMISSION_TYPE_ALLOW,true
rp-role-admin-perm-service-dashboard,role-admin,perm-service-dashboard,PERMISSION_TYPE_ALLOW,true
rp-role-admin-perm-location-dashboard,role-admin,perm-location-dashboard,PERMISSION_TYPE_ALLOW,true
rp-role-admin-perm-asset-dashboard,role-admin,perm-asset-dashboard,PERMISSION_TYPE_ALLOW,true
rp-role-admin-perm-supplier-dashboard,role-admin,perm-supplier-dashboard,PERMISSION_TYPE_ALLOW,true
rp-role-admin-perm-invoice-dashboard,role-admin,perm-invoice-dashboard,PERMISSION_TYPE_ALLOW,true
rp-role-admin-perm-purchase-dashboard,role-admin,perm-purchase-dashboard,PERMISSION_TYPE_ALLOW,true
rp-role-admin-perm-expense-dashboard,role-admin,perm-expense-dashboard,PERMISSION_TYPE_ALLOW,true
rp-role-admin-perm-collection-dashboard,role-admin,perm-collection-dashboard,PERMISSION_TYPE_ALLOW,true
rp-role-admin-perm-reports-dashboard,role-admin,perm-reports-dashboard,PERMISSION_TYPE_ALLOW,true
rp-role-admin-perm-job-dashboard,role-admin,perm-job-dashboard,PERMISSION_TYPE_ALLOW,true
rp-role-admin-perm-admin-dashboard,role-admin,perm-admin-dashboard,PERMISSION_TYPE_ALLOW,true
rp-role-admin-perm-ledger-dashboard,role-admin,perm-ledger-dashboard,PERMISSION_TYPE_ALLOW,true
rp-role-admin-perm-payroll-dashboard,role-admin,perm-payroll-dashboard,PERMISSION_TYPE_ALLOW,true
rp-role-admin-perm-loan-dashboard,role-admin,perm-loan-dashboard,PERMISSION_TYPE_ALLOW,true
rp-role-admin-perm-equity-dashboard,role-admin,perm-equity-dashboard,PERMISSION_TYPE_ALLOW,true
rp-role-admin-perm-fulfillment-dashboard,role-admin,perm-fulfillment-dashboard,PERMISSION_TYPE_ALLOW,true
rp-role-admin-perm-event-dashboard,role-admin,perm-event-dashboard,PERMISSION_TYPE_ALLOW,true
rp-role-admin-perm-integration-dashboard,role-admin,perm-integration-dashboard,PERMISSION_TYPE_ALLOW,true
rp-role-admin-perm-procurement-dashboard,role-admin,perm-procurement-dashboard,PERMISSION_TYPE_ALLOW,true
rp-role-admin-perm-cost_schedule-list,role-admin,perm-cost_schedule-list,PERMISSION_TYPE_ALLOW,true
rp-role-admin-perm-cost_schedule-create,role-admin,perm-cost_schedule-create,PERMISSION_TYPE_ALLOW,true
rp-role-admin-perm-cost_schedule-update,role-admin,perm-cost_schedule-update,PERMISSION_TYPE_ALLOW,true
rp-role-admin-perm-cost_schedule-delete,role-admin,perm-cost_schedule-delete,PERMISSION_TYPE_ALLOW,true
rp-role-admin-perm-supplier_plan-list,role-admin,perm-supplier_plan-list,PERMISSION_TYPE_ALLOW,true
rp-role-admin-perm-supplier_plan-create,role-admin,perm-supplier_plan-create,PERMISSION_TYPE_ALLOW,true
rp-role-admin-perm-supplier_plan-update,role-admin,perm-supplier_plan-update,PERMISSION_TYPE_ALLOW,true
rp-role-admin-perm-supplier_plan-delete,role-admin,perm-supplier_plan-delete,PERMISSION_TYPE_ALLOW,true
rp-role-admin-perm-cost_plan-list,role-admin,perm-cost_plan-list,PERMISSION_TYPE_ALLOW,true
rp-role-admin-perm-cost_plan-create,role-admin,perm-cost_plan-create,PERMISSION_TYPE_ALLOW,true
rp-role-admin-perm-cost_plan-update,role-admin,perm-cost_plan-update,PERMISSION_TYPE_ALLOW,true
rp-role-admin-perm-cost_plan-delete,role-admin,perm-cost_plan-delete,PERMISSION_TYPE_ALLOW,true
rp-role-admin-perm-supplier_product_plan-list,role-admin,perm-supplier_product_plan-list,PERMISSION_TYPE_ALLOW,true
rp-role-admin-perm-supplier_product_plan-create,role-admin,perm-supplier_product_plan-create,PERMISSION_TYPE_ALLOW,true
rp-role-admin-perm-supplier_product_plan-update,role-admin,perm-supplier_product_plan-update,PERMISSION_TYPE_ALLOW,true
rp-role-admin-perm-supplier_product_plan-delete,role-admin,perm-supplier_product_plan-delete,PERMISSION_TYPE_ALLOW,true
rp-role-admin-perm-supplier_product_cost_plan-list,role-admin,perm-supplier_product_cost_plan-list,PERMISSION_TYPE_ALLOW,true
rp-role-admin-perm-supplier_product_cost_plan-create,role-admin,perm-supplier_product_cost_plan-create,PERMISSION_TYPE_ALLOW,true
rp-role-admin-perm-supplier_product_cost_plan-update,role-admin,perm-supplier_product_cost_plan-update,PERMISSION_TYPE_ALLOW,true
rp-role-admin-perm-supplier_product_cost_plan-delete,role-admin,perm-supplier_product_cost_plan-delete,PERMISSION_TYPE_ALLOW,true
rp-role-admin-perm-supplier_subscription-list,role-admin,perm-supplier_subscription-list,PERMISSION_TYPE_ALLOW,true
rp-role-admin-perm-supplier_subscription-create,role-admin,perm-supplier_subscription-create,PERMISSION_TYPE_ALLOW,true
rp-role-admin-perm-supplier_subscription-update,role-admin,perm-supplier_subscription-update,PERMISSION_TYPE_ALLOW,true
rp-role-admin-perm-supplier_subscription-delete,role-admin,perm-supplier_subscription-delete,PERMISSION_TYPE_ALLOW,true
rp-role-accounting-staff-perm-cost_schedule-list,role-accounting-staff,perm-cost_schedule-list,PERMISSION_TYPE_ALLOW,true
rp-role-accounting-staff-perm-cost_schedule-create,role-accounting-staff,perm-cost_schedule-create,PERMISSION_TYPE_ALLOW,true
rp-role-accounting-staff-perm-cost_schedule-update,role-accounting-staff,perm-cost_schedule-update,PERMISSION_TYPE_ALLOW,true
rp-role-accounting-staff-perm-cost_schedule-delete,role-accounting-staff,perm-cost_schedule-delete,PERMISSION_TYPE_ALLOW,true
rp-role-accounting-staff-perm-supplier_plan-list,role-accounting-staff,perm-supplier_plan-list,PERMISSION_TYPE_ALLOW,true
rp-role-accounting-staff-perm-supplier_plan-create,role-accounting-staff,perm-supplier_plan-create,PERMISSION_TYPE_ALLOW,true
rp-role-accounting-staff-perm-supplier_plan-update,role-accounting-staff,perm-supplier_plan-update,PERMISSION_TYPE_ALLOW,true
rp-role-accounting-staff-perm-supplier_plan-delete,role-accounting-staff,perm-supplier_plan-delete,PERMISSION_TYPE_ALLOW,true
rp-role-accounting-staff-perm-cost_plan-list,role-accounting-staff,perm-cost_plan-list,PERMISSION_TYPE_ALLOW,true
rp-role-accounting-staff-perm-cost_plan-create,role-accounting-staff,perm-cost_plan-create,PERMISSION_TYPE_ALLOW,true
rp-role-accounting-staff-perm-cost_plan-update,role-accounting-staff,perm-cost_plan-update,PERMISSION_TYPE_ALLOW,true
rp-role-accounting-staff-perm-cost_plan-delete,role-accounting-staff,perm-cost_plan-delete,PERMISSION_TYPE_ALLOW,true
rp-role-accounting-staff-perm-supplier_product_plan-list,role-accounting-staff,perm-supplier_product_plan-list,PERMISSION_TYPE_ALLOW,true
rp-role-accounting-staff-perm-supplier_product_plan-create,role-accounting-staff,perm-supplier_product_plan-create,PERMISSION_TYPE_ALLOW,true
rp-role-accounting-staff-perm-supplier_product_plan-update,role-accounting-staff,perm-supplier_product_plan-update,PERMISSION_TYPE_ALLOW,true
rp-role-accounting-staff-perm-supplier_product_plan-delete,role-accounting-staff,perm-supplier_product_plan-delete,PERMISSION_TYPE_ALLOW,true
rp-role-accounting-staff-perm-supplier_product_cost_plan-list,role-accounting-staff,perm-supplier_product_cost_plan-list,PERMISSION_TYPE_ALLOW,true
rp-role-accounting-staff-perm-supplier_product_cost_plan-create,role-accounting-staff,perm-supplier_product_cost_plan-create,PERMISSION_TYPE_ALLOW,true
rp-role-accounting-staff-perm-supplier_product_cost_plan-update,role-accounting-staff,perm-supplier_product_cost_plan-update,PERMISSION_TYPE_ALLOW,true
rp-role-accounting-staff-perm-supplier_product_cost_plan-delete,role-accounting-staff,perm-supplier_product_cost_plan-delete,PERMISSION_TYPE_ALLOW,true
rp-role-accounting-staff-perm-supplier_subscription-list,role-accounting-staff,perm-supplier_subscription-list,PERMISSION_TYPE_ALLOW,true
rp-role-accounting-staff-perm-supplier_subscription-create,role-accounting-staff,perm-supplier_subscription-create,PERMISSION_TYPE_ALLOW,true
rp-role-accounting-staff-perm-supplier_subscription-update,role-accounting-staff,perm-supplier_subscription-update,PERMISSION_TYPE_ALLOW,true
rp-role-accounting-staff-perm-supplier_subscription-delete,role-accounting-staff,perm-supplier_subscription-delete,PERMISSION_TYPE_ALLOW,true
rp-role-operations-staff-perm-cost_schedule-list,role-operations-staff,perm-cost_schedule-list,PERMISSION_TYPE_ALLOW,true
rp-role-operations-staff-perm-supplier_plan-list,role-operations-staff,perm-supplier_plan-list,PERMISSION_TYPE_ALLOW,true
rp-role-operations-staff-perm-cost_plan-list,role-operations-staff,perm-cost_plan-list,PERMISSION_TYPE_ALLOW,true
rp-role-operations-staff-perm-supplier_product_plan-list,role-operations-staff,perm-supplier_product_plan-list,PERMISSION_TYPE_ALLOW,true
rp-role-operations-staff-perm-supplier_product_cost_plan-list,role-operations-staff,perm-supplier_product_cost_plan-list,PERMISSION_TYPE_ALLOW,true
rp-role-operations-staff-perm-supplier_subscription-list,role-operations-staff,perm-supplier_subscription-list,PERMISSION_TYPE_ALLOW,true
rp-role-admin-perm-tax_authority-list,role-admin,perm-tax_authority-list,PERMISSION_TYPE_ALLOW,true
rp-role-admin-perm-tax_authority-read,role-admin,perm-tax_authority-read,PERMISSION_TYPE_ALLOW,true
rp-role-admin-perm-tax_registration_kind-list,role-admin,perm-tax_registration_kind-list,PERMISSION_TYPE_ALLOW,true
rp-role-admin-perm-tax_registration_kind-read,role-admin,perm-tax_registration_kind-read,PERMISSION_TYPE_ALLOW,true
rp-role-admin-perm-tax_treatment-list,role-admin,perm-tax_treatment-list,PERMISSION_TYPE_ALLOW,true
rp-role-admin-perm-tax_treatment-read,role-admin,perm-tax_treatment-read,PERMISSION_TYPE_ALLOW,true
rp-role-admin-perm-tax_class-list,role-admin,perm-tax_class-list,PERMISSION_TYPE_ALLOW,true
rp-role-admin-perm-tax_class-read,role-admin,perm-tax_class-read,PERMISSION_TYPE_ALLOW,true
rp-role-admin-perm-tax_rate-list,role-admin,perm-tax_rate-list,PERMISSION_TYPE_ALLOW,true
rp-role-admin-perm-tax_rate-read,role-admin,perm-tax_rate-read,PERMISSION_TYPE_ALLOW,true
rp-role-admin-perm-tax_registration-list,role-admin,perm-tax_registration-list,PERMISSION_TYPE_ALLOW,true
rp-role-admin-perm-tax_registration-read,role-admin,perm-tax_registration-read,PERMISSION_TYPE_ALLOW,true
rp-role-admin-perm-tax_registration-create,role-admin,perm-tax_registration-create,PERMISSION_TYPE_ALLOW,true
rp-role-admin-perm-tax_registration-update,role-admin,perm-tax_registration-update,PERMISSION_TYPE_ALLOW,true
rp-role-admin-perm-tax_registration-delete,role-admin,perm-tax_registration-delete,PERMISSION_TYPE_ALLOW,true
rp-role-admin-perm-revenue_tax_line-list,role-admin,perm-revenue_tax_line-list,PERMISSION_TYPE_ALLOW,true
rp-role-admin-perm-revenue_tax_line-read,role-admin,perm-revenue_tax_line-read,PERMISSION_TYPE_ALLOW,true
rp-role-admin-perm-withholding_certificate-list,role-admin,perm-withholding_certificate-list,PERMISSION_TYPE_ALLOW,true
rp-role-admin-perm-withholding_certificate-read,role-admin,perm-withholding_certificate-read,PERMISSION_TYPE_ALLOW,true
rp-role-admin-perm-withholding_certificate-create,role-admin,perm-withholding_certificate-create,PERMISSION_TYPE_ALLOW,true
rp-role-admin-perm-withholding_certificate-update,role-admin,perm-withholding_certificate-update,PERMISSION_TYPE_ALLOW,true
rp-role-admin-perm-withholding_certificate-delete,role-admin,perm-withholding_certificate-delete,PERMISSION_TYPE_ALLOW,true
rp-role-admin-perm-forex_rate-list,role-admin,perm-forex_rate-list,PERMISSION_TYPE_ALLOW,true
rp-role-admin-perm-forex_rate-read,role-admin,perm-forex_rate-read,PERMISSION_TYPE_ALLOW,true
rp-role-accounting-staff-perm-tax_authority-list,role-accounting-staff,perm-tax_authority-list,PERMISSION_TYPE_ALLOW,true
rp-role-accounting-staff-perm-tax_authority-read,role-accounting-staff,perm-tax_authority-read,PERMISSION_TYPE_ALLOW,true
rp-role-accounting-staff-perm-tax_registration_kind-list,role-accounting-staff,perm-tax_registration_kind-list,PERMISSION_TYPE_ALLOW,true
rp-role-accounting-staff-perm-tax_registration_kind-read,role-accounting-staff,perm-tax_registration_kind-read,PERMISSION_TYPE_ALLOW,true
rp-role-accounting-staff-perm-tax_treatment-list,role-accounting-staff,perm-tax_treatment-list,PERMISSION_TYPE_ALLOW,true
rp-role-accounting-staff-perm-tax_treatment-read,role-accounting-staff,perm-tax_treatment-read,PERMISSION_TYPE_ALLOW,true
rp-role-accounting-staff-perm-tax_class-list,role-accounting-staff,perm-tax_class-list,PERMISSION_TYPE_ALLOW,true
rp-role-accounting-staff-perm-tax_class-read,role-accounting-staff,perm-tax_class-read,PERMISSION_TYPE_ALLOW,true
rp-role-accounting-staff-perm-tax_rate-list,role-accounting-staff,perm-tax_rate-list,PERMISSION_TYPE_ALLOW,true
rp-role-accounting-staff-perm-tax_rate-read,role-accounting-staff,perm-tax_rate-read,PERMISSION_TYPE_ALLOW,true
rp-role-accounting-staff-perm-tax_registration-list,role-accounting-staff,perm-tax_registration-list,PERMISSION_TYPE_ALLOW,true
rp-role-accounting-staff-perm-tax_registration-read,role-accounting-staff,perm-tax_registration-read,PERMISSION_TYPE_ALLOW,true
rp-role-accounting-staff-perm-tax_registration-create,role-accounting-staff,perm-tax_registration-create,PERMISSION_TYPE_ALLOW,true
rp-role-accounting-staff-perm-tax_registration-update,role-accounting-staff,perm-tax_registration-update,PERMISSION_TYPE_ALLOW,true
rp-role-accounting-staff-perm-tax_registration-delete,role-accounting-staff,perm-tax_registration-delete,PERMISSION_TYPE_ALLOW,true
rp-role-accounting-staff-perm-revenue_tax_line-list,role-accounting-staff,perm-revenue_tax_line-list,PERMISSION_TYPE_ALLOW,true
rp-role-accounting-staff-perm-revenue_tax_line-read,role-accounting-staff,perm-revenue_tax_line-read,PERMISSION_TYPE_ALLOW,true
rp-role-accounting-staff-perm-withholding_certificate-list,role-accounting-staff,perm-withholding_certificate-list,PERMISSION_TYPE_ALLOW,true
rp-role-accounting-staff-perm-withholding_certificate-read,role-accounting-staff,perm-withholding_certificate-read,PERMISSION_TYPE_ALLOW,true
rp-role-accounting-staff-perm-withholding_certificate-create,role-accounting-staff,perm-withholding_certificate-create,PERMISSION_TYPE_ALLOW,true
rp-role-accounting-staff-perm-withholding_certificate-update,role-accounting-staff,perm-withholding_certificate-update,PERMISSION_TYPE_ALLOW,true
rp-role-accounting-staff-perm-withholding_certificate-delete,role-accounting-staff,perm-withholding_certificate-delete,PERMISSION_TYPE_ALLOW,true
rp-role-accounting-staff-perm-forex_rate-list,role-accounting-staff,perm-forex_rate-list,PERMISSION_TYPE_ALLOW,true
rp-role-accounting-staff-perm-forex_rate-read,role-accounting-staff,perm-forex_rate-read,PERMISSION_TYPE_ALLOW,true
rp-role-operations-staff-perm-tax_rate-list,role-operations-staff,perm-tax_rate-list,PERMISSION_TYPE_ALLOW,true
rp-role-operations-staff-perm-tax_registration-list,role-operations-staff,perm-tax_registration-list,PERMISSION_TYPE_ALLOW,true
rp-role-operations-staff-perm-withholding_certificate-list,role-operations-staff,perm-withholding_certificate-list,PERMISSION_TYPE_ALLOW,true
rp-role-operations-staff-perm-forex_rate-list,role-operations-staff,perm-forex_rate-list,PERMISSION_TYPE_ALLOW,true
rp-role-admin-perm-event_tag-create,role-admin,perm-event_tag-create,PERMISSION_TYPE_ALLOW,true
rp-role-admin-perm-event_tag-read,role-admin,perm-event_tag-read,PERMISSION_TYPE_ALLOW,true
rp-role-admin-perm-event_tag-update,role-admin,perm-event_tag-update,PERMISSION_TYPE_ALLOW,true
rp-role-admin-perm-event_tag-delete,role-admin,perm-event_tag-delete,PERMISSION_TYPE_ALLOW,true
rp-role-admin-perm-event_tag-list,role-admin,perm-event_tag-list,PERMISSION_TYPE_ALLOW,true
rp-role-admin-perm-activity_expense-create,role-admin,perm-activity_expense-create,PERMISSION_TYPE_ALLOW,true
rp-role-admin-perm-activity_expense-read,role-admin,perm-activity_expense-read,PERMISSION_TYPE_ALLOW,true
rp-role-admin-perm-activity_expense-update,role-admin,perm-activity_expense-update,PERMISSION_TYPE_ALLOW,true
rp-role-admin-perm-activity_expense-delete,role-admin,perm-activity_expense-delete,PERMISSION_TYPE_ALLOW,true
rp-role-admin-perm-activity_expense-list,role-admin,perm-activity_expense-list,PERMISSION_TYPE_ALLOW,true
rp-role-admin-perm-activity_labor-create,role-admin,perm-activity_labor-create,PERMISSION_TYPE_ALLOW,true
rp-role-admin-perm-activity_labor-read,role-admin,perm-activity_labor-read,PERMISSION_TYPE_ALLOW,true
rp-role-admin-perm-activity_labor-update,role-admin,perm-activity_labor-update,PERMISSION_TYPE_ALLOW,true
rp-role-admin-perm-activity_labor-delete,role-admin,perm-activity_labor-delete,PERMISSION_TYPE_ALLOW,true
rp-role-admin-perm-activity_labor-list,role-admin,perm-activity_labor-list,PERMISSION_TYPE_ALLOW,true
rp-role-admin-perm-activity_material-create,role-admin,perm-activity_material-create,PERMISSION_TYPE_ALLOW,true
rp-role-admin-perm-activity_material-read,role-admin,perm-activity_material-read,PERMISSION_TYPE_ALLOW,true
rp-role-admin-perm-activity_material-update,role-admin,perm-activity_material-update,PERMISSION_TYPE_ALLOW,true
rp-role-admin-perm-activity_material-delete,role-admin,perm-activity_material-delete,PERMISSION_TYPE_ALLOW,true
rp-role-admin-perm-activity_material-list,role-admin,perm-activity_material-list,PERMISSION_TYPE_ALLOW,true
rp-role-admin-perm-job_template_phase-create,role-admin,perm-job_template_phase-create,PERMISSION_TYPE_ALLOW,true
rp-role-admin-perm-job_template_phase-read,role-admin,perm-job_template_phase-read,PERMISSION_TYPE_ALLOW,true
rp-role-admin-perm-job_template_phase-update,role-admin,perm-job_template_phase-update,PERMISSION_TYPE_ALLOW,true
rp-role-admin-perm-job_template_phase-delete,role-admin,perm-job_template_phase-delete,PERMISSION_TYPE_ALLOW,true
rp-role-admin-perm-job_template_phase-list,role-admin,perm-job_template_phase-list,PERMISSION_TYPE_ALLOW,true
rp-role-admin-perm-job_template_task-create,role-admin,perm-job_template_task-create,PERMISSION_TYPE_ALLOW,true
rp-role-admin-perm-job_template_task-read,role-admin,perm-job_template_task-read,PERMISSION_TYPE_ALLOW,true
rp-role-admin-perm-job_template_task-update,role-admin,perm-job_template_task-update,PERMISSION_TYPE_ALLOW,true
rp-role-admin-perm-job_template_task-delete,role-admin,perm-job_template_task-delete,PERMISSION_TYPE_ALLOW,true
rp-role-admin-perm-job_template_task-list,role-admin,perm-job_template_task-list,PERMISSION_TYPE_ALLOW,true
rp-role-admin-perm-job_activity-approve,role-admin,perm-job_activity-approve,PERMISSION_TYPE_ALLOW,true
rp-role-admin-perm-job_activity-post,role-admin,perm-job_activity-post,PERMISSION_TYPE_ALLOW,true
rp-role-admin-perm-job_activity-reject,role-admin,perm-job_activity-reject,PERMISSION_TYPE_ALLOW,true
rp-role-admin-perm-job_activity-reverse,role-admin,perm-job_activity-reverse,PERMISSION_TYPE_ALLOW,true
rp-role-admin-perm-job_activity-submit,role-admin,perm-job_activity-submit,PERMISSION_TYPE_ALLOW,true
rp-role-admin-perm-job_activity-manage,role-admin,perm-job_activity-manage,PERMISSION_TYPE_ALLOW,true
rp-role-admin-perm-tax_registration-supersede,role-admin,perm-tax_registration-supersede,PERMISSION_TYPE_ALLOW,true
rp-role-admin-perm-tax_registration-revoke,role-admin,perm-tax_registration-revoke,PERMISSION_TYPE_ALLOW,true
rp-role-accounting-staff-perm-tax_registration-supersede,role-accounting-staff,perm-tax_registration-supersede,PERMISSION_TYPE_ALLOW,true
rp-role-accounting-staff-perm-tax_registration-revoke,role-accounting-staff,perm-tax_registration-revoke,PERMISSION_TYPE_ALLOW,true
rp-role-admin-perm-disbursement-create,role-admin,perm-disbursement-create,PERMISSION_TYPE_ALLOW,true
rp-role-admin-perm-disbursement-read,role-admin,perm-disbursement-read,PERMISSION_TYPE_ALLOW,true
rp-role-admin-perm-disbursement-update,role-admin,perm-disbursement-update,PERMISSION_TYPE_ALLOW,true
rp-role-admin-perm-disbursement-delete,role-admin,perm-disbursement-delete,PERMISSION_TYPE_ALLOW,true
rp-role-admin-perm-disbursement-list,role-admin,perm-disbursement-list,PERMISSION_TYPE_ALLOW,true
rp-role-admin-perm-purchase_order-create,role-admin,perm-purchase_order-create,PERMISSION_TYPE_ALLOW,true
rp-role-admin-perm-purchase_order-read,role-admin,perm-purchase_order-read,PERMISSION_TYPE_ALLOW,true
rp-role-admin-perm-purchase_order-update,role-admin,perm-purchase_order-update,PERMISSION_TYPE_ALLOW,true
rp-role-admin-perm-purchase_order-delete,role-admin,perm-purchase_order-delete,PERMISSION_TYPE_ALLOW,true
rp-role-admin-perm-purchase_order-list,role-admin,perm-purchase_order-list,PERMISSION_TYPE_ALLOW,true
rp-role-admin-perm-product_line-create,role-admin,perm-product_line-create,PERMISSION_TYPE_ALLOW,true
rp-role-admin-perm-product_line-read,role-admin,perm-product_line-read,PERMISSION_TYPE_ALLOW,true
rp-role-admin-perm-product_line-update,role-admin,perm-product_line-update,PERMISSION_TYPE_ALLOW,true
rp-role-admin-perm-product_line-delete,role-admin,perm-product_line-delete,PERMISSION_TYPE_ALLOW,true
rp-role-admin-perm-product_line-list,role-admin,perm-product_line-list,PERMISSION_TYPE_ALLOW,true
rp-role-admin-perm-procurement_request-read,role-admin,perm-procurement_request-read,PERMISSION_TYPE_ALLOW,true
rp-role-admin-perm-supplier_contract-read,role-admin,perm-supplier_contract-read,PERMISSION_TYPE_ALLOW,true
rp-role-admin-perm-supplier_contract_price_schedule-read,role-admin,perm-supplier_contract_price_schedule-read,PERMISSION_TYPE_ALLOW,true
rp-role-admin-perm-supplier_contract_line-read,role-admin,perm-supplier_contract_line-read,PERMISSION_TYPE_ALLOW,true
rp-role-admin-perm-supplier_contract_price_schedule_line-create,role-admin,perm-supplier_contract_price_schedule_line-create,PERMISSION_TYPE_ALLOW,true
rp-role-admin-perm-supplier_contract_price_schedule_line-read,role-admin,perm-supplier_contract_price_schedule_line-read,PERMISSION_TYPE_ALLOW,true
rp-role-admin-perm-supplier_contract_price_schedule_line-update,role-admin,perm-supplier_contract_price_schedule_line-update,PERMISSION_TYPE_ALLOW,true
rp-role-admin-perm-supplier_contract_price_schedule_line-delete,role-admin,perm-supplier_contract_price_schedule_line-delete,PERMISSION_TYPE_ALLOW,true
rp-role-admin-perm-accrued_expense-update,role-admin,perm-accrued_expense-update,PERMISSION_TYPE_ALLOW,true
rp-role-admin-perm-accrued_expense-delete,role-admin,perm-accrued_expense-delete,PERMISSION_TYPE_ALLOW,true
rp-role-admin-perm-accrued_expense_settlement-create,role-admin,perm-accrued_expense_settlement-create,PERMISSION_TYPE_ALLOW,true
rp-role-admin-perm-accrued_expense_settlement-read,role-admin,perm-accrued_expense_settlement-read,PERMISSION_TYPE_ALLOW,true
rp-role-admin-perm-accrued_expense_settlement-update,role-admin,perm-accrued_expense_settlement-update,PERMISSION_TYPE_ALLOW,true
rp-role-admin-perm-accrued_expense_settlement-delete,role-admin,perm-accrued_expense_settlement-delete,PERMISSION_TYPE_ALLOW,true
rp-role-admin-perm-accrued_expense_settlement-list,role-admin,perm-accrued_expense_settlement-list,PERMISSION_TYPE_ALLOW,true
rp-role-admin-perm-expense_recognition-update,role-admin,perm-expense_recognition-update,PERMISSION_TYPE_ALLOW,true
rp-role-admin-perm-expense_recognition-delete,role-admin,perm-expense_recognition-delete,PERMISSION_TYPE_ALLOW,true
rp-role-admin-perm-expense_recognition_line-create,role-admin,perm-expense_recognition_line-create,PERMISSION_TYPE_ALLOW,true
rp-role-admin-perm-expense_recognition_line-read,role-admin,perm-expense_recognition_line-read,PERMISSION_TYPE_ALLOW,true
rp-role-admin-perm-expense_recognition_line-update,role-admin,perm-expense_recognition_line-update,PERMISSION_TYPE_ALLOW,true
rp-role-admin-perm-expense_recognition_line-delete,role-admin,perm-expense_recognition_line-delete,PERMISSION_TYPE_ALLOW,true
rp-role-admin-perm-expense_recognition_line-list,role-admin,perm-expense_recognition_line-list,PERMISSION_TYPE_ALLOW,true
rp-role-admin-perm-procurement_request_line-read,role-admin,perm-procurement_request_line-read,PERMISSION_TYPE_ALLOW,true
rp-role-admin-perm-location_area-create,role-admin,perm-location_area-create,PERMISSION_TYPE_ALLOW,true
rp-role-admin-perm-location_area-read,role-admin,perm-location_area-read,PERMISSION_TYPE_ALLOW,true
rp-role-admin-perm-location_area-update,role-admin,perm-location_area-update,PERMISSION_TYPE_ALLOW,true
rp-role-admin-perm-location_area-delete,role-admin,perm-location_area-delete,PERMISSION_TYPE_ALLOW,true
rp-role-admin-perm-location_area-list,role-admin,perm-location_area-list,PERMISSION_TYPE_ALLOW,true
rp-role-admin-perm-job_task-create,role-admin,perm-job_task-create,PERMISSION_TYPE_ALLOW,true
rp-role-admin-perm-job_task-read,role-admin,perm-job_task-read,PERMISSION_TYPE_ALLOW,true
rp-role-admin-perm-job_task-update,role-admin,perm-job_task-update,PERMISSION_TYPE_ALLOW,true
rp-role-admin-perm-job_task-delete,role-admin,perm-job_task-delete,PERMISSION_TYPE_ALLOW,true
rp-role-admin-perm-job_task-list,role-admin,perm-job_task-list,PERMISSION_TYPE_ALLOW,true
rp-role-viewer-perm-admin-read,role-viewer,perm-admin-read,PERMISSION_TYPE_ALLOW,true
rp-role-viewer-perm-admin-list,role-viewer,perm-admin-list,PERMISSION_TYPE_ALLOW,true
rp-role-viewer-perm-client-read,role-viewer,perm-client-read,PERMISSION_TYPE_ALLOW,true
rp-role-viewer-perm-client-list,role-viewer,perm-client-list,PERMISSION_TYPE_ALLOW,true
rp-role-viewer-perm-client_attribute-read,role-viewer,perm-client_attribute-read,PERMISSION_TYPE_ALLOW,true
rp-role-viewer-perm-client_attribute-list,role-viewer,perm-client_attribute-list,PERMISSION_TYPE_ALLOW,true
rp-role-viewer-perm-delegate-read,role-viewer,perm-delegate-read,PERMISSION_TYPE_ALLOW,true
rp-role-viewer-perm-delegate-list,role-viewer,perm-delegate-list,PERMISSION_TYPE_ALLOW,true
rp-role-viewer-perm-delegate_attribute-read,role-viewer,perm-delegate_attribute-read,PERMISSION_TYPE_ALLOW,true
rp-role-viewer-perm-delegate_attribute-list,role-viewer,perm-delegate_attribute-list,PERMISSION_TYPE_ALLOW,true
rp-role-viewer-perm-delegate_client-read,role-viewer,perm-delegate_client-read,PERMISSION_TYPE_ALLOW,true
rp-role-viewer-perm-delegate_client-list,role-viewer,perm-delegate_client-list,PERMISSION_TYPE_ALLOW,true
rp-role-viewer-perm-group-read,role-viewer,perm-group-read,PERMISSION_TYPE_ALLOW,true
rp-role-viewer-perm-group-list,role-viewer,perm-group-list,PERMISSION_TYPE_ALLOW,true
rp-role-viewer-perm-group_attribute-read,role-viewer,perm-group_attribute-read,PERMISSION_TYPE_ALLOW,true
rp-role-viewer-perm-group_attribute-list,role-viewer,perm-group_attribute-list,PERMISSION_TYPE_ALLOW,true
rp-role-viewer-perm-location-read,role-viewer,perm-location-read,PERMISSION_TYPE_ALLOW,true
rp-role-viewer-perm-location-list,role-viewer,perm-location-list,PERMISSION_TYPE_ALLOW,true
rp-role-viewer-perm-location_attribute-read,role-viewer,perm-location_attribute-read,PERMISSION_TYPE_ALLOW,true
rp-role-viewer-perm-location_attribute-list,role-viewer,perm-location_attribute-list,PERMISSION_TYPE_ALLOW,true
rp-role-viewer-perm-manager-read,role-viewer,perm-manager-read,PERMISSION_TYPE_ALLOW,true
rp-role-viewer-perm-manager-list,role-viewer,perm-manager-list,PERMISSION_TYPE_ALLOW,true
rp-role-viewer-perm-permission-read,role-viewer,perm-permission-read,PERMISSION_TYPE_ALLOW,true
rp-role-viewer-perm-permission-list,role-viewer,perm-permission-list,PERMISSION_TYPE_ALLOW,true
rp-role-viewer-perm-role-read,role-viewer,perm-role-read,PERMISSION_TYPE_ALLOW,true
rp-role-viewer-perm-role-list,role-viewer,perm-role-list,PERMISSION_TYPE_ALLOW,true
rp-role-viewer-perm-staff-read,role-viewer,perm-staff-read,PERMISSION_TYPE_ALLOW,true
rp-role-viewer-perm-staff-list,role-viewer,perm-staff-list,PERMISSION_TYPE_ALLOW,true
rp-role-viewer-perm-staff_attribute-read,role-viewer,perm-staff_attribute-read,PERMISSION_TYPE_ALLOW,true
rp-role-viewer-perm-staff_attribute-list,role-viewer,perm-staff_attribute-list,PERMISSION_TYPE_ALLOW,true
rp-role-viewer-perm-user-read,role-viewer,perm-user-read,PERMISSION_TYPE_ALLOW,true
rp-role-viewer-perm-user-list,role-viewer,perm-user-list,PERMISSION_TYPE_ALLOW,true
rp-role-viewer-perm-workspace-read,role-viewer,perm-workspace-read,PERMISSION_TYPE_ALLOW,true
rp-role-viewer-perm-workspace-list,role-viewer,perm-workspace-list,PERMISSION_TYPE_ALLOW,true
rp-role-viewer-perm-workspace_user-read,role-viewer,perm-workspace_user-read,PERMISSION_TYPE_ALLOW,true
rp-role-viewer-perm-workspace_user-list,role-viewer,perm-workspace_user-list,PERMISSION_TYPE_ALLOW,true
rp-role-viewer-perm-workspace_user_role-read,role-viewer,perm-workspace_user_role-read,PERMISSION_TYPE_ALLOW,true
rp-role-viewer-perm-workspace_user_role-list,role-viewer,perm-workspace_user_role-list,PERMISSION_TYPE_ALLOW,true
rp-role-viewer-perm-event-read,role-viewer,perm-event-read,PERMISSION_TYPE_ALLOW,true
rp-role-viewer-perm-event-list,role-viewer,perm-event-list,PERMISSION_TYPE_ALLOW,true
rp-role-viewer-perm-event_attendee-read,role-viewer,perm-event_attendee-read,PERMISSION_TYPE_ALLOW,true
rp-role-viewer-perm-event_attendee-list,role-viewer,perm-event_attendee-list,PERMISSION_TYPE_ALLOW,true
rp-role-viewer-perm-event_attribute-read,role-viewer,perm-event_attribute-read,PERMISSION_TYPE_ALLOW,true
rp-role-viewer-perm-event_attribute-list,role-viewer,perm-event_attribute-list,PERMISSION_TYPE_ALLOW,true
rp-role-viewer-perm-event_client-read,role-viewer,perm-event_client-read,PERMISSION_TYPE_ALLOW,true
rp-role-viewer-perm-event_client-list,role-viewer,perm-event_client-list,PERMISSION_TYPE_ALLOW,true
rp-role-viewer-perm-event_product-read,role-viewer,perm-event_product-read,PERMISSION_TYPE_ALLOW,true
rp-role-viewer-perm-event_product-list,role-viewer,perm-event_product-list,PERMISSION_TYPE_ALLOW,true
rp-role-viewer-perm-event_recurrence-read,role-viewer,perm-event_recurrence-read,PERMISSION_TYPE_ALLOW,true
rp-role-viewer-perm-event_recurrence-list,role-viewer,perm-event_recurrence-list,PERMISSION_TYPE_ALLOW,true
rp-role-viewer-perm-event_resource-read,role-viewer,perm-event_resource-read,PERMISSION_TYPE_ALLOW,true
rp-role-viewer-perm-event_resource-list,role-viewer,perm-event_resource-list,PERMISSION_TYPE_ALLOW,true
rp-role-viewer-perm-framework-read,role-viewer,perm-framework-read,PERMISSION_TYPE_ALLOW,true
rp-role-viewer-perm-framework-list,role-viewer,perm-framework-list,PERMISSION_TYPE_ALLOW,true
rp-role-viewer-perm-objective-read,role-viewer,perm-objective-read,PERMISSION_TYPE_ALLOW,true
rp-role-viewer-perm-objective-list,role-viewer,perm-objective-list,PERMISSION_TYPE_ALLOW,true
rp-role-viewer-perm-task-read,role-viewer,perm-task-read,PERMISSION_TYPE_ALLOW,true
rp-role-viewer-perm-task-list,role-viewer,perm-task-list,PERMISSION_TYPE_ALLOW,true
rp-role-viewer-perm-payment-read,role-viewer,perm-payment-read,PERMISSION_TYPE_ALLOW,true
rp-role-viewer-perm-payment-list,role-viewer,perm-payment-list,PERMISSION_TYPE_ALLOW,true
rp-role-viewer-perm-payment_method-read,role-viewer,perm-payment_method-read,PERMISSION_TYPE_ALLOW,true
rp-role-viewer-perm-payment_method-list,role-viewer,perm-payment_method-list,PERMISSION_TYPE_ALLOW,true
rp-role-viewer-perm-payment_profile-read,role-viewer,perm-payment_profile-read,PERMISSION_TYPE_ALLOW,true
rp-role-viewer-perm-payment_profile-list,role-viewer,perm-payment_profile-list,PERMISSION_TYPE_ALLOW,true
rp-role-viewer-perm-payment_attribute-read,role-viewer,perm-payment_attribute-read,PERMISSION_TYPE_ALLOW,true
rp-role-viewer-perm-payment_attribute-list,role-viewer,perm-payment_attribute-list,PERMISSION_TYPE_ALLOW,true
rp-role-viewer-perm-payment_term-read,role-viewer,perm-payment_term-read,PERMISSION_TYPE_ALLOW,true
rp-role-viewer-perm-payment_term-list,role-viewer,perm-payment_term-list,PERMISSION_TYPE_ALLOW,true
rp-role-viewer-perm-expenditure-read,role-viewer,perm-expenditure-read,PERMISSION_TYPE_ALLOW,true
rp-role-viewer-perm-expenditure-list,role-viewer,perm-expenditure-list,PERMISSION_TYPE_ALLOW,true
rp-role-viewer-perm-expenditure_attribute-read,role-viewer,perm-expenditure_attribute-read,PERMISSION_TYPE_ALLOW,true
rp-role-viewer-perm-expenditure_attribute-list,role-viewer,perm-expenditure_attribute-list,PERMISSION_TYPE_ALLOW,true
rp-role-viewer-perm-expenditure_line_item-read,role-viewer,perm-expenditure_line_item-read,PERMISSION_TYPE_ALLOW,true
rp-role-viewer-perm-expenditure_line_item-list,role-viewer,perm-expenditure_line_item-list,PERMISSION_TYPE_ALLOW,true
rp-role-viewer-perm-expenditure_category-read,role-viewer,perm-expenditure_category-read,PERMISSION_TYPE_ALLOW,true
rp-role-viewer-perm-expenditure_category-list,role-viewer,perm-expenditure_category-list,PERMISSION_TYPE_ALLOW,true
rp-role-viewer-perm-inventory_item-read,role-viewer,perm-inventory_item-read,PERMISSION_TYPE_ALLOW,true
rp-role-viewer-perm-inventory_item-list,role-viewer,perm-inventory_item-list,PERMISSION_TYPE_ALLOW,true
rp-role-viewer-perm-inventory_serial-read,role-viewer,perm-inventory_serial-read,PERMISSION_TYPE_ALLOW,true
rp-role-viewer-perm-inventory_serial-list,role-viewer,perm-inventory_serial-list,PERMISSION_TYPE_ALLOW,true
rp-role-viewer-perm-inventory_transaction-read,role-viewer,perm-inventory_transaction-read,PERMISSION_TYPE_ALLOW,true
rp-role-viewer-perm-inventory_transaction-list,role-viewer,perm-inventory_transaction-list,PERMISSION_TYPE_ALLOW,true
rp-role-viewer-perm-inventory_attribute-read,role-viewer,perm-inventory_attribute-read,PERMISSION_TYPE_ALLOW,true
rp-role-viewer-perm-inventory_attribute-list,role-viewer,perm-inventory_attribute-list,PERMISSION_TYPE_ALLOW,true
rp-role-viewer-perm-inventory_depreciation-read,role-viewer,perm-inventory_depreciation-read,PERMISSION_TYPE_ALLOW,true
rp-role-viewer-perm-inventory_depreciation-list,role-viewer,perm-inventory_depreciation-list,PERMISSION_TYPE_ALLOW,true
rp-role-viewer-perm-inventory_serial_history-read,role-viewer,perm-inventory_serial_history-read,PERMISSION_TYPE_ALLOW,true
rp-role-viewer-perm-inventory_serial_history-list,role-viewer,perm-inventory_serial_history-list,PERMISSION_TYPE_ALLOW,true
rp-role-viewer-perm-collection-read,role-viewer,perm-collection-read,PERMISSION_TYPE_ALLOW,true
rp-role-viewer-perm-collection-list,role-viewer,perm-collection-list,PERMISSION_TYPE_ALLOW,true
rp-role-viewer-perm-collection_attribute-read,role-viewer,perm-collection_attribute-read,PERMISSION_TYPE_ALLOW,true
rp-role-viewer-perm-collection_attribute-list,role-viewer,perm-collection_attribute-list,PERMISSION_TYPE_ALLOW,true
rp-role-viewer-perm-collection_plan-read,role-viewer,perm-collection_plan-read,PERMISSION_TYPE_ALLOW,true
rp-role-viewer-perm-collection_plan-list,role-viewer,perm-collection_plan-list,PERMISSION_TYPE_ALLOW,true
rp-role-viewer-perm-price_list-read,role-viewer,perm-price_list-read,PERMISSION_TYPE_ALLOW,true
rp-role-viewer-perm-price_list-list,role-viewer,perm-price_list-list,PERMISSION_TYPE_ALLOW,true
rp-role-viewer-perm-price_product-read,role-viewer,perm-price_product-read,PERMISSION_TYPE_ALLOW,true
rp-role-viewer-perm-price_product-list,role-viewer,perm-price_product-list,PERMISSION_TYPE_ALLOW,true
rp-role-viewer-perm-product-read,role-viewer,perm-product-read,PERMISSION_TYPE_ALLOW,true
rp-role-viewer-perm-product-list,role-viewer,perm-product-list,PERMISSION_TYPE_ALLOW,true
rp-role-viewer-perm-product_attribute-read,role-viewer,perm-product_attribute-read,PERMISSION_TYPE_ALLOW,true
rp-role-viewer-perm-product_attribute-list,role-viewer,perm-product_attribute-list,PERMISSION_TYPE_ALLOW,true
rp-role-viewer-perm-product_collection-read,role-viewer,perm-product_collection-read,PERMISSION_TYPE_ALLOW,true
rp-role-viewer-perm-product_collection-list,role-viewer,perm-product_collection-list,PERMISSION_TYPE_ALLOW,true
rp-role-viewer-perm-product_option-read,role-viewer,perm-product_option-read,PERMISSION_TYPE_ALLOW,true
rp-role-viewer-perm-product_option-list,role-viewer,perm-product_option-list,PERMISSION_TYPE_ALLOW,true
rp-role-viewer-perm-product_option_value-read,role-viewer,perm-product_option_value-read,PERMISSION_TYPE_ALLOW,true
rp-role-viewer-perm-product_option_value-list,role-viewer,perm-product_option_value-list,PERMISSION_TYPE_ALLOW,true
rp-role-viewer-perm-product_plan-read,role-viewer,perm-product_plan-read,PERMISSION_TYPE_ALLOW,true
rp-role-viewer-perm-product_plan-list,role-viewer,perm-product_plan-list,PERMISSION_TYPE_ALLOW,true
rp-role-viewer-perm-product_variant-read,role-viewer,perm-product_variant-read,PERMISSION_TYPE_ALLOW,true
rp-role-viewer-perm-product_variant-list,role-viewer,perm-product_variant-list,PERMISSION_TYPE_ALLOW,true
rp-role-viewer-perm-product_variant_image-read,role-viewer,perm-product_variant_image-read,PERMISSION_TYPE_ALLOW,true
rp-role-viewer-perm-product_variant_image-list,role-viewer,perm-product_variant_image-list,PERMISSION_TYPE_ALLOW,true
rp-role-viewer-perm-product_variant_option-read,role-viewer,perm-product_variant_option-read,PERMISSION_TYPE_ALLOW,true
rp-role-viewer-perm-product_variant_option-list,role-viewer,perm-product_variant_option-list,PERMISSION_TYPE_ALLOW,true
rp-role-viewer-perm-resource-read,role-viewer,perm-resource-read,PERMISSION_TYPE_ALLOW,true
rp-role-viewer-perm-resource-list,role-viewer,perm-resource-list,PERMISSION_TYPE_ALLOW,true
rp-role-viewer-perm-record-read,role-viewer,perm-record-read,PERMISSION_TYPE_ALLOW,true
rp-role-viewer-perm-record-list,role-viewer,perm-record-list,PERMISSION_TYPE_ALLOW,true
rp-role-viewer-perm-balance-read,role-viewer,perm-balance-read,PERMISSION_TYPE_ALLOW,true
rp-role-viewer-perm-balance-list,role-viewer,perm-balance-list,PERMISSION_TYPE_ALLOW,true
rp-role-viewer-perm-balance_attribute-read,role-viewer,perm-balance_attribute-read,PERMISSION_TYPE_ALLOW,true
rp-role-viewer-perm-balance_attribute-list,role-viewer,perm-balance_attribute-list,PERMISSION_TYPE_ALLOW,true
rp-role-viewer-perm-invoice-read,role-viewer,perm-invoice-read,PERMISSION_TYPE_ALLOW,true
rp-role-viewer-perm-invoice-list,role-viewer,perm-invoice-list,PERMISSION_TYPE_ALLOW,true
rp-role-viewer-perm-invoice_attribute-read,role-viewer,perm-invoice_attribute-read,PERMISSION_TYPE_ALLOW,true
rp-role-viewer-perm-invoice_attribute-list,role-viewer,perm-invoice_attribute-list,PERMISSION_TYPE_ALLOW,true
rp-role-viewer-perm-license-read,role-viewer,perm-license-read,PERMISSION_TYPE_ALLOW,true
rp-role-viewer-perm-license-list,role-viewer,perm-license-list,PERMISSION_TYPE_ALLOW,true
rp-role-viewer-perm-license_history-read,role-viewer,perm-license_history-read,PERMISSION_TYPE_ALLOW,true
rp-role-viewer-perm-license_history-list,role-viewer,perm-license_history-list,PERMISSION_TYPE_ALLOW,true
rp-role-viewer-perm-plan-read,role-viewer,perm-plan-read,PERMISSION_TYPE_ALLOW,true
rp-role-viewer-perm-plan-list,role-viewer,perm-plan-list,PERMISSION_TYPE_ALLOW,true
rp-role-viewer-perm-plan_attribute-read,role-viewer,perm-plan_attribute-read,PERMISSION_TYPE_ALLOW,true
rp-role-viewer-perm-plan_attribute-list,role-viewer,perm-plan_attribute-list,PERMISSION_TYPE_ALLOW,true
rp-role-viewer-perm-plan_settings-read,role-viewer,perm-plan_settings-read,PERMISSION_TYPE_ALLOW,true
rp-role-viewer-perm-plan_settings-list,role-viewer,perm-plan_settings-list,PERMISSION_TYPE_ALLOW,true
rp-role-viewer-perm-price_plan-read,role-viewer,perm-price_plan-read,PERMISSION_TYPE_ALLOW,true
rp-role-viewer-perm-price_plan-list,role-viewer,perm-price_plan-list,PERMISSION_TYPE_ALLOW,true
rp-role-viewer-perm-price_schedule-read,role-viewer,perm-price_schedule-read,PERMISSION_TYPE_ALLOW,true
rp-role-viewer-perm-price_schedule-list,role-viewer,perm-price_schedule-list,PERMISSION_TYPE_ALLOW,true
rp-role-viewer-perm-product_price_plan-read,role-viewer,perm-product_price_plan-read,PERMISSION_TYPE_ALLOW,true
rp-role-viewer-perm-product_price_plan-list,role-viewer,perm-product_price_plan-list,PERMISSION_TYPE_ALLOW,true
rp-role-viewer-perm-subscription-read,role-viewer,perm-subscription-read,PERMISSION_TYPE_ALLOW,true
rp-role-viewer-perm-subscription-list,role-viewer,perm-subscription-list,PERMISSION_TYPE_ALLOW,true
rp-role-viewer-perm-subscription_attribute-read,role-viewer,perm-subscription_attribute-read,PERMISSION_TYPE_ALLOW,true
rp-role-viewer-perm-subscription_attribute-list,role-viewer,perm-subscription_attribute-list,PERMISSION_TYPE_ALLOW,true
rp-role-viewer-perm-workflow-read,role-viewer,perm-workflow-read,PERMISSION_TYPE_ALLOW,true
rp-role-viewer-perm-workflow-list,role-viewer,perm-workflow-list,PERMISSION_TYPE_ALLOW,true
rp-role-viewer-perm-workflow_template-read,role-viewer,perm-workflow_template-read,PERMISSION_TYPE_ALLOW,true
rp-role-viewer-perm-workflow_template-list,role-viewer,perm-workflow_template-list,PERMISSION_TYPE_ALLOW,true
rp-role-viewer-perm-stage-read,role-viewer,perm-stage-read,PERMISSION_TYPE_ALLOW,true
rp-role-viewer-perm-stage-list,role-viewer,perm-stage-list,PERMISSION_TYPE_ALLOW,true
rp-role-viewer-perm-stage_template-read,role-viewer,perm-stage_template-read,PERMISSION_TYPE_ALLOW,true
rp-role-viewer-perm-stage_template-list,role-viewer,perm-stage_template-list,PERMISSION_TYPE_ALLOW,true
rp-role-viewer-perm-activity-read,role-viewer,perm-activity-read,PERMISSION_TYPE_ALLOW,true
rp-role-viewer-perm-activity-list,role-viewer,perm-activity-list,PERMISSION_TYPE_ALLOW,true
rp-role-viewer-perm-activity_template-read,role-viewer,perm-activity_template-read,PERMISSION_TYPE_ALLOW,true
rp-role-viewer-perm-activity_template-list,role-viewer,perm-activity_template-list,PERMISSION_TYPE_ALLOW,true
rp-role-viewer-perm-attribute-read,role-viewer,perm-attribute-read,PERMISSION_TYPE_ALLOW,true
rp-role-viewer-perm-attribute-list,role-viewer,perm-attribute-list,PERMISSION_TYPE_ALLOW,true
rp-role-viewer-perm-asset-read,role-viewer,perm-asset-read,PERMISSION_TYPE_ALLOW,true
rp-role-viewer-perm-asset-list,role-viewer,perm-asset-list,PERMISSION_TYPE_ALLOW,true
rp-role-viewer-perm-asset_category-read,role-viewer,perm-asset_category-read,PERMISSION_TYPE_ALLOW,true
rp-role-viewer-perm-asset_category-list,role-viewer,perm-asset_category-list,PERMISSION_TYPE_ALLOW,true
rp-role-viewer-perm-asset_attribute-read,role-viewer,perm-asset_attribute-read,PERMISSION_TYPE_ALLOW,true
rp-role-viewer-perm-asset_attribute-list,role-viewer,perm-asset_attribute-list,PERMISSION_TYPE_ALLOW,true
rp-role-viewer-perm-asset_location-read,role-viewer,perm-asset_location-read,PERMISSION_TYPE_ALLOW,true
rp-role-viewer-perm-asset_location-list,role-viewer,perm-asset_location-list,PERMISSION_TYPE_ALLOW,true
rp-role-viewer-perm-depreciation_schedule-read,role-viewer,perm-depreciation_schedule-read,PERMISSION_TYPE_ALLOW,true
rp-role-viewer-perm-depreciation_schedule-list,role-viewer,perm-depreciation_schedule-list,PERMISSION_TYPE_ALLOW,true
rp-role-viewer-perm-asset_transaction-read,role-viewer,perm-asset_transaction-read,PERMISSION_TYPE_ALLOW,true
rp-role-viewer-perm-asset_transaction-list,role-viewer,perm-asset_transaction-list,PERMISSION_TYPE_ALLOW,true
rp-role-viewer-perm-asset_disposal-read,role-viewer,perm-asset_disposal-read,PERMISSION_TYPE_ALLOW,true
rp-role-viewer-perm-asset_disposal-list,role-viewer,perm-asset_disposal-list,PERMISSION_TYPE_ALLOW,true
rp-role-viewer-perm-asset_revaluation-read,role-viewer,perm-asset_revaluation-read,PERMISSION_TYPE_ALLOW,true
rp-role-viewer-perm-asset_revaluation-list,role-viewer,perm-asset_revaluation-list,PERMISSION_TYPE_ALLOW,true
rp-role-viewer-perm-asset_maintenance-read,role-viewer,perm-asset_maintenance-read,PERMISSION_TYPE_ALLOW,true
rp-role-viewer-perm-asset_maintenance-list,role-viewer,perm-asset_maintenance-list,PERMISSION_TYPE_ALLOW,true
rp-role-viewer-perm-asset_component-read,role-viewer,perm-asset_component-read,PERMISSION_TYPE_ALLOW,true
rp-role-viewer-perm-asset_component-list,role-viewer,perm-asset_component-list,PERMISSION_TYPE_ALLOW,true
rp-role-viewer-perm-supplier-read,role-viewer,perm-supplier-read,PERMISSION_TYPE_ALLOW,true
rp-role-viewer-perm-supplier-list,role-viewer,perm-supplier-list,PERMISSION_TYPE_ALLOW,true
rp-role-viewer-perm-supplier_category-read,role-viewer,perm-supplier_category-read,PERMISSION_TYPE_ALLOW,true
rp-role-viewer-perm-supplier_category-list,role-viewer,perm-supplier_category-list,PERMISSION_TYPE_ALLOW,true
rp-role-viewer-perm-supplier_attribute-read,role-viewer,perm-supplier_attribute-read,PERMISSION_TYPE_ALLOW,true
rp-role-viewer-perm-supplier_attribute-list,role-viewer,perm-supplier_attribute-list,PERMISSION_TYPE_ALLOW,true
rp-role-viewer-perm-service-read,role-viewer,perm-service-read,PERMISSION_TYPE_ALLOW,true
rp-role-viewer-perm-service-list,role-viewer,perm-service-list,PERMISSION_TYPE_ALLOW,true
rp-role-viewer-perm-purchase-read,role-viewer,perm-purchase-read,PERMISSION_TYPE_ALLOW,true
rp-role-viewer-perm-purchase-list,role-viewer,perm-purchase-list,PERMISSION_TYPE_ALLOW,true
rp-role-viewer-perm-expense-read,role-viewer,perm-expense-read,PERMISSION_TYPE_ALLOW,true
rp-role-viewer-perm-expense-list,role-viewer,perm-expense-list,PERMISSION_TYPE_ALLOW,true
rp-role-viewer-perm-job-read,role-viewer,perm-job-read,PERMISSION_TYPE_ALLOW,true
rp-role-viewer-perm-job-list,role-viewer,perm-job-list,PERMISSION_TYPE_ALLOW,true
rp-role-viewer-perm-job_phase-read,role-viewer,perm-job_phase-read,PERMISSION_TYPE_ALLOW,true
rp-role-viewer-perm-job_phase-list,role-viewer,perm-job_phase-list,PERMISSION_TYPE_ALLOW,true
rp-role-viewer-perm-job_template-read,role-viewer,perm-job_template-read,PERMISSION_TYPE_ALLOW,true
rp-role-viewer-perm-job_template-list,role-viewer,perm-job_template-list,PERMISSION_TYPE_ALLOW,true
rp-role-viewer-perm-job_activity-read,role-viewer,perm-job_activity-read,PERMISSION_TYPE_ALLOW,true
rp-role-viewer-perm-job_activity-list,role-viewer,perm-job_activity-list,PERMISSION_TYPE_ALLOW,true
rp-role-viewer-perm-fulfillment-read,role-viewer,perm-fulfillment-read,PERMISSION_TYPE_ALLOW,true
rp-role-viewer-perm-fulfillment-list,role-viewer,perm-fulfillment-list,PERMISSION_TYPE_ALLOW,true
rp-role-viewer-perm-outcome_criteria-read,role-viewer,perm-outcome_criteria-read,PERMISSION_TYPE_ALLOW,true
rp-role-viewer-perm-outcome_criteria-list,role-viewer,perm-outcome_criteria-list,PERMISSION_TYPE_ALLOW,true
rp-role-viewer-perm-criteria_threshold-read,role-viewer,perm-criteria_threshold-read,PERMISSION_TYPE_ALLOW,true
rp-role-viewer-perm-criteria_threshold-list,role-viewer,perm-criteria_threshold-list,PERMISSION_TYPE_ALLOW,true
rp-role-viewer-perm-criteria_option-read,role-viewer,perm-criteria_option-read,PERMISSION_TYPE_ALLOW,true
rp-role-viewer-perm-criteria_option-list,role-viewer,perm-criteria_option-list,PERMISSION_TYPE_ALLOW,true
rp-role-viewer-perm-template_task_criteria-read,role-viewer,perm-template_task_criteria-read,PERMISSION_TYPE_ALLOW,true
rp-role-viewer-perm-template_task_criteria-list,role-viewer,perm-template_task_criteria-list,PERMISSION_TYPE_ALLOW,true
rp-role-viewer-perm-task_outcome-read,role-viewer,perm-task_outcome-read,PERMISSION_TYPE_ALLOW,true
rp-role-viewer-perm-task_outcome-list,role-viewer,perm-task_outcome-list,PERMISSION_TYPE_ALLOW,true
rp-role-viewer-perm-task_outcome_check-read,role-viewer,perm-task_outcome_check-read,PERMISSION_TYPE_ALLOW,true
rp-role-viewer-perm-task_outcome_check-list,role-viewer,perm-task_outcome_check-list,PERMISSION_TYPE_ALLOW,true
rp-role-viewer-perm-phase_outcome_summary-read,role-viewer,perm-phase_outcome_summary-read,PERMISSION_TYPE_ALLOW,true
rp-role-viewer-perm-phase_outcome_summary-list,role-viewer,perm-phase_outcome_summary-list,PERMISSION_TYPE_ALLOW,true
rp-role-viewer-perm-job_outcome_summary-read,role-viewer,perm-job_outcome_summary-read,PERMISSION_TYPE_ALLOW,true
rp-role-viewer-perm-job_outcome_summary-list,role-viewer,perm-job_outcome_summary-list,PERMISSION_TYPE_ALLOW,true
rp-role-viewer-perm-account-read,role-viewer,perm-account-read,PERMISSION_TYPE_ALLOW,true
rp-role-viewer-perm-account-list,role-viewer,perm-account-list,PERMISSION_TYPE_ALLOW,true
rp-role-viewer-perm-journal-read,role-viewer,perm-journal-read,PERMISSION_TYPE_ALLOW,true
rp-role-viewer-perm-journal-list,role-viewer,perm-journal-list,PERMISSION_TYPE_ALLOW,true
rp-role-viewer-perm-period-read,role-viewer,perm-period-read,PERMISSION_TYPE_ALLOW,true
rp-role-viewer-perm-period-list,role-viewer,perm-period-list,PERMISSION_TYPE_ALLOW,true
rp-role-viewer-perm-loan-read,role-viewer,perm-loan-read,PERMISSION_TYPE_ALLOW,true
rp-role-viewer-perm-loan-list,role-viewer,perm-loan-list,PERMISSION_TYPE_ALLOW,true
rp-role-viewer-perm-equity-read,role-viewer,perm-equity-read,PERMISSION_TYPE_ALLOW,true
rp-role-viewer-perm-equity-list,role-viewer,perm-equity-list,PERMISSION_TYPE_ALLOW,true
rp-role-viewer-perm-payroll-read,role-viewer,perm-payroll-read,PERMISSION_TYPE_ALLOW,true
rp-role-viewer-perm-payroll-list,role-viewer,perm-payroll-list,PERMISSION_TYPE_ALLOW,true
rp-role-viewer-perm-petty_cash-read,role-viewer,perm-petty_cash-read,PERMISSION_TYPE_ALLOW,true
rp-role-viewer-perm-petty_cash-list,role-viewer,perm-petty_cash-list,PERMISSION_TYPE_ALLOW,true
rp-role-viewer-perm-prepayment-read,role-viewer,perm-prepayment-read,PERMISSION_TYPE_ALLOW,true
rp-role-viewer-perm-prepayment-list,role-viewer,perm-prepayment-list,PERMISSION_TYPE_ALLOW,true
rp-role-viewer-perm-deposit-read,role-viewer,perm-deposit-read,PERMISSION_TYPE_ALLOW,true
rp-role-viewer-perm-deposit-list,role-viewer,perm-deposit-list,PERMISSION_TYPE_ALLOW,true
rp-role-viewer-perm-integration_config-read,role-viewer,perm-integration_config-read,PERMISSION_TYPE_ALLOW,true
rp-role-viewer-perm-integration_config-list,role-viewer,perm-integration_config-list,PERMISSION_TYPE_ALLOW,true
rp-role-viewer-perm-role_permission-read,role-viewer,perm-role_permission-read,PERMISSION_TYPE_ALLOW,true
rp-role-viewer-perm-role_permission-list,role-viewer,perm-role_permission-list,PERMISSION_TYPE_ALLOW,true
rp-role-viewer-perm-event_occurrence-read,role-viewer,perm-event_occurrence-read,PERMISSION_TYPE_ALLOW,true
rp-role-viewer-perm-event_occurrence-list,role-viewer,perm-event_occurrence-list,PERMISSION_TYPE_ALLOW,true
rp-role-viewer-perm-fulfillment_return-list,role-viewer,perm-fulfillment_return-list,PERMISSION_TYPE_ALLOW,true
rp-role-viewer-perm-fulfillment_return-read,role-viewer,perm-fulfillment_return-read,PERMISSION_TYPE_ALLOW,true
rp-role-viewer-perm-audit_trail-read,role-viewer,perm-audit_trail-read,PERMISSION_TYPE_ALLOW,true
rp-role-viewer-perm-supplies-read,role-viewer,perm-supplies-read,PERMISSION_TYPE_ALLOW,true
rp-role-viewer-perm-supplies-list,role-viewer,perm-supplies-list,PERMISSION_TYPE_ALLOW,true
rp-role-viewer-perm-revenue-read,role-viewer,perm-revenue-read,PERMISSION_TYPE_ALLOW,true
rp-role-viewer-perm-revenue-list,role-viewer,perm-revenue-list,PERMISSION_TYPE_ALLOW,true
rp-role-viewer-perm-revenue-line-item-read,role-viewer,perm-revenue-line-item-read,PERMISSION_TYPE_ALLOW,true
rp-role-viewer-perm-revenue-line-item-list,role-viewer,perm-revenue-line-item-list,PERMISSION_TYPE_ALLOW,true
rp-role-viewer-perm-supplier_contract-list,role-viewer,perm-supplier_contract-list,PERMISSION_TYPE_ALLOW,true
rp-role-viewer-perm-supplier_contract_line-list,role-viewer,perm-supplier_contract_line-list,PERMISSION_TYPE_ALLOW,true
rp-role-viewer-perm-procurement_request-list,role-viewer,perm-procurement_request-list,PERMISSION_TYPE_ALLOW,true
rp-role-viewer-perm-procurement_request_line-list,role-viewer,perm-procurement_request_line-list,PERMISSION_TYPE_ALLOW,true
rp-role-viewer-perm-payroll-read,role-viewer,perm-payroll-read,PERMISSION_TYPE_ALLOW,true
rp-role-viewer-perm-payroll_run-read,role-viewer,perm-payroll_run-read,PERMISSION_TYPE_ALLOW,true
rp-role-viewer-perm-pay_cycle-read,role-viewer,perm-pay_cycle-read,PERMISSION_TYPE_ALLOW,true
rp-role-viewer-perm-rate_table-read,role-viewer,perm-rate_table-read,PERMISSION_TYPE_ALLOW,true
rp-role-viewer-perm-leave_type-read,role-viewer,perm-leave_type-read,PERMISSION_TYPE_ALLOW,true
rp-role-viewer-perm-leave_balance-read,role-viewer,perm-leave_balance-read,PERMISSION_TYPE_ALLOW,true
rp-role-viewer-perm-leave_request-read,role-viewer,perm-leave_request-read,PERMISSION_TYPE_ALLOW,true
rp-role-viewer-perm-supplier_dependent-read,role-viewer,perm-supplier_dependent-read,PERMISSION_TYPE_ALLOW,true
rp-role-viewer-perm-supplier_lifecycle_event-read,role-viewer,perm-supplier_lifecycle_event-read,PERMISSION_TYPE_ALLOW,true
rp-role-viewer-perm-supplier_contract_price_schedule-list,role-viewer,perm-supplier_contract_price_schedule-list,PERMISSION_TYPE_ALLOW,true
rp-role-viewer-perm-supplier_contract_price_schedule_line-list,role-viewer,perm-supplier_contract_price_schedule_line-list,PERMISSION_TYPE_ALLOW,true
rp-role-viewer-perm-expense_recognition-list,role-viewer,perm-expense_recognition-list,PERMISSION_TYPE_ALLOW,true
rp-role-viewer-perm-expense_recognition-read,role-viewer,perm-expense_recognition-read,PERMISSION_TYPE_ALLOW,true
rp-role-viewer-perm-accrued_expense-list,role-viewer,perm-accrued_expense-list,PERMISSION_TYPE_ALLOW,true
rp-role-viewer-perm-accrued_expense-read,role-viewer,perm-accrued_expense-read,PERMISSION_TYPE_ALLOW,true
rp-role-viewer-perm-cost_schedule-list,role-viewer,perm-cost_schedule-list,PERMISSION_TYPE_ALLOW,true
rp-role-viewer-perm-cost_schedule-read,role-viewer,perm-cost_schedule-read,PERMISSION_TYPE_ALLOW,true
rp-role-viewer-perm-supplier_plan-list,role-viewer,perm-supplier_plan-list,PERMISSION_TYPE_ALLOW,true
rp-role-viewer-perm-supplier_plan-read,role-viewer,perm-supplier_plan-read,PERMISSION_TYPE_ALLOW,true
rp-role-viewer-perm-cost_plan-list,role-viewer,perm-cost_plan-list,PERMISSION_TYPE_ALLOW,true
rp-role-viewer-perm-cost_plan-read,role-viewer,perm-cost_plan-read,PERMISSION_TYPE_ALLOW,true
rp-role-viewer-perm-supplier_product_plan-list,role-viewer,perm-supplier_product_plan-list,PERMISSION_TYPE_ALLOW,true
rp-role-viewer-perm-supplier_product_plan-read,role-viewer,perm-supplier_product_plan-read,PERMISSION_TYPE_ALLOW,true
rp-role-viewer-perm-supplier_product_cost_plan-list,role-viewer,perm-supplier_product_cost_plan-list,PERMISSION_TYPE_ALLOW,true
rp-role-viewer-perm-supplier_product_cost_plan-read,role-viewer,perm-supplier_product_cost_plan-read,PERMISSION_TYPE_ALLOW,true
rp-role-viewer-perm-supplier_subscription-list,role-viewer,perm-supplier_subscription-list,PERMISSION_TYPE_ALLOW,true
rp-role-viewer-perm-supplier_subscription-read,role-viewer,perm-supplier_subscription-read,PERMISSION_TYPE_ALLOW,true
rp-role-viewer-perm-tax_authority-list,role-viewer,perm-tax_authority-list,PERMISSION_TYPE_ALLOW,true
rp-role-viewer-perm-tax_authority-read,role-viewer,perm-tax_authority-read,PERMISSION_TYPE_ALLOW,true
rp-role-viewer-perm-tax_registration_kind-list,role-viewer,perm-tax_registration_kind-list,PERMISSION_TYPE_ALLOW,true
rp-role-viewer-perm-tax_registration_kind-read,role-viewer,perm-tax_registration_kind-read,PERMISSION_TYPE_ALLOW,true
rp-role-viewer-perm-tax_treatment-list,role-viewer,perm-tax_treatment-list,PERMISSION_TYPE_ALLOW,true
rp-role-viewer-perm-tax_treatment-read,role-viewer,perm-tax_treatment-read,PERMISSION_TYPE_ALLOW,true
rp-role-viewer-perm-tax_class-list,role-viewer,perm-tax_class-list,PERMISSION_TYPE_ALLOW,true
rp-role-viewer-perm-tax_class-read,role-viewer,perm-tax_class-read,PERMISSION_TYPE_ALLOW,true
rp-role-viewer-perm-tax_rate-list,role-viewer,perm-tax_rate-list,PERMISSION_TYPE_ALLOW,true
rp-role-viewer-perm-tax_rate-read,role-viewer,perm-tax_rate-read,PERMISSION_TYPE_ALLOW,true
rp-role-viewer-perm-tax_registration-list,role-viewer,perm-tax_registration-list,PERMISSION_TYPE_ALLOW,true
rp-role-viewer-perm-tax_registration-read,role-viewer,perm-tax_registration-read,PERMISSION_TYPE_ALLOW,true
rp-role-viewer-perm-revenue_tax_line-list,role-viewer,perm-revenue_tax_line-list,PERMISSION_TYPE_ALLOW,true
rp-role-viewer-perm-revenue_tax_line-read,role-viewer,perm-revenue_tax_line-read,PERMISSION_TYPE_ALLOW,true
rp-role-viewer-perm-withholding_certificate-list,role-viewer,perm-withholding_certificate-list,PERMISSION_TYPE_ALLOW,true
rp-role-viewer-perm-withholding_certificate-read,role-viewer,perm-withholding_certificate-read,PERMISSION_TYPE_ALLOW,true
rp-role-viewer-perm-forex_rate-list,role-viewer,perm-forex_rate-list,PERMISSION_TYPE_ALLOW,true
rp-role-viewer-perm-forex_rate-read,role-viewer,perm-forex_rate-read,PERMISSION_TYPE_ALLOW,true
rp-role-viewer-perm-event_tag-read,role-viewer,perm-event_tag-read,PERMISSION_TYPE_ALLOW,true
rp-role-viewer-perm-event_tag-list,role-viewer,perm-event_tag-list,PERMISSION_TYPE_ALLOW,true
rp-role-viewer-perm-activity_expense-read,role-viewer,perm-activity_expense-read,PERMISSION_TYPE_ALLOW,true
rp-role-viewer-perm-activity_expense-list,role-viewer,perm-activity_expense-list,PERMISSION_TYPE_ALLOW,true
rp-role-viewer-perm-activity_labor-read,role-viewer,perm-activity_labor-read,PERMISSION_TYPE_ALLOW,true
rp-role-viewer-perm-activity_labor-list,role-viewer,perm-activity_labor-list,PERMISSION_TYPE_ALLOW,true
rp-role-viewer-perm-activity_material-read,role-viewer,perm-activity_material-read,PERMISSION_TYPE_ALLOW,true
rp-role-viewer-perm-activity_material-list,role-viewer,perm-activity_material-list,PERMISSION_TYPE_ALLOW,true
rp-role-viewer-perm-job_template_phase-read,role-viewer,perm-job_template_phase-read,PERMISSION_TYPE_ALLOW,true
rp-role-viewer-perm-job_template_phase-list,role-viewer,perm-job_template_phase-list,PERMISSION_TYPE_ALLOW,true
rp-role-viewer-perm-job_template_task-read,role-viewer,perm-job_template_task-read,PERMISSION_TYPE_ALLOW,true
rp-role-viewer-perm-job_template_task-list,role-viewer,perm-job_template_task-list,PERMISSION_TYPE_ALLOW,true
rp-role-viewer-perm-disbursement-read,role-viewer,perm-disbursement-read,PERMISSION_TYPE_ALLOW,true
rp-role-viewer-perm-disbursement-list,role-viewer,perm-disbursement-list,PERMISSION_TYPE_ALLOW,true
rp-role-viewer-perm-purchase_order-read,role-viewer,perm-purchase_order-read,PERMISSION_TYPE_ALLOW,true
rp-role-viewer-perm-purchase_order-list,role-viewer,perm-purchase_order-list,PERMISSION_TYPE_ALLOW,true
rp-role-viewer-perm-product_line-read,role-viewer,perm-product_line-read,PERMISSION_TYPE_ALLOW,true
rp-role-viewer-perm-product_line-list,role-viewer,perm-product_line-list,PERMISSION_TYPE_ALLOW,true
rp-role-viewer-perm-procurement_request-read,role-viewer,perm-procurement_request-read,PERMISSION_TYPE_ALLOW,true
rp-role-viewer-perm-supplier_contract-read,role-viewer,perm-supplier_contract-read,PERMISSION_TYPE_ALLOW,true
rp-role-viewer-perm-supplier_contract_price_schedule-read,role-viewer,perm-supplier_contract_price_schedule-read,PERMISSION_TYPE_ALLOW,true
rp-role-viewer-perm-supplier_contract_line-read,role-viewer,perm-supplier_contract_line-read,PERMISSION_TYPE_ALLOW,true
rp-role-viewer-perm-supplier_contract_price_schedule_line-read,role-viewer,perm-supplier_contract_price_schedule_line-read,PERMISSION_TYPE_ALLOW,true
rp-role-viewer-perm-accrued_expense_settlement-read,role-viewer,perm-accrued_expense_settlement-read,PERMISSION_TYPE_ALLOW,true
rp-role-viewer-perm-accrued_expense_settlement-list,role-viewer,perm-accrued_expense_settlement-list,PERMISSION_TYPE_ALLOW,true
rp-role-viewer-perm-expense_recognition_line-read,role-viewer,perm-expense_recognition_line-read,PERMISSION_TYPE_ALLOW,true
rp-role-viewer-perm-expense_recognition_line-list,role-viewer,perm-expense_recognition_line-list,PERMISSION_TYPE_ALLOW,true
rp-role-viewer-perm-procurement_request_line-read,role-viewer,perm-procurement_request_line-read,PERMISSION_TYPE_ALLOW,true
rp-role-viewer-perm-location_area-read,role-viewer,perm-location_area-read,PERMISSION_TYPE_ALLOW,true
rp-role-viewer-perm-location_area-list,role-viewer,perm-location_area-list,PERMISSION_TYPE_ALLOW,true
rp-role-viewer-perm-job_task-read,role-viewer,perm-job_task-read,PERMISSION_TYPE_ALLOW,true
rp-role-viewer-perm-job_task-list,role-viewer,perm-job_task-list,PERMISSION_TYPE_ALLOW,true
rp-role-client-portal-perm-self-client-read-own,role-client-portal,perm-self-client-read-own,PERMISSION_TYPE_ALLOW,true
rp-role-client-portal-perm-self-client-update-own,role-client-portal,perm-self-client-update-own,PERMISSION_TYPE_ALLOW,true
rp-role-client-portal-perm-self-revenue-list-own,role-client-portal,perm-self-revenue-list-own,PERMISSION_TYPE_ALLOW,true
rp-role-client-portal-perm-self-revenue-read-own,role-client-portal,perm-self-revenue-read-own,PERMISSION_TYPE_ALLOW,true
rp-role-client-portal-perm-self-collection-list-own,role-client-portal,perm-self-collection-list-own,PERMISSION_TYPE_ALLOW,true
rp-role-client-portal-perm-self-document-list-own,role-client-portal,perm-self-document-list-own,PERMISSION_TYPE_ALLOW,true
rp-role-client-portal-perm-self-communication-send,role-client-portal,perm-self-communication-send,PERMISSION_TYPE_ALLOW,true
rp-role-supplier-portal-perm-self-supplier-read-own,role-supplier-portal,perm-self-supplier-read-own,PERMISSION_TYPE_ALLOW,true
rp-role-supplier-portal-perm-self-supplier-update-own,role-supplier-portal,perm-self-supplier-update-own,PERMISSION_TYPE_ALLOW,true
rp-role-supplier-portal-perm-self-supplier-contract-list-own,role-supplier-portal,perm-self-supplier-contract-list-own,PERMISSION_TYPE_ALLOW,true
rp-role-supplier-portal-perm-self-supplier-invoice-list-own,role-supplier-portal,perm-self-supplier-invoice-list-own,PERMISSION_TYPE_ALLOW,true
rp-role-supplier-portal-perm-self-supplier-invoice-upload,role-supplier-portal,perm-self-supplier-invoice-upload,PERMISSION_TYPE_ALLOW,true
rp-role-supplier-portal-perm-self-expenditure-list-own,role-supplier-portal,perm-self-expenditure-list-own,PERMISSION_TYPE_ALLOW,true
rp-role-supplier-portal-perm-self-communication-send,role-supplier-portal,perm-self-communication-send,PERMISSION_TYPE_ALLOW,true
rp-role-client-delegate-perm-self-client-read-own,role-client-delegate,perm-self-client-read-own,PERMISSION_TYPE_ALLOW,true
rp-role-client-delegate-perm-self-revenue-list-own,role-client-delegate,perm-self-revenue-list-own,PERMISSION_TYPE_ALLOW,true
rp-role-client-delegate-perm-self-revenue-read-own,role-client-delegate,perm-self-revenue-read-own,PERMISSION_TYPE_ALLOW,true
rp-role-client-delegate-perm-self-collection-list-own,role-client-delegate,perm-self-collection-list-own,PERMISSION_TYPE_ALLOW,true
rp-role-client-delegate-perm-self-document-list-own,role-client-delegate,perm-self-document-list-own,PERMISSION_TYPE_ALLOW,true
rp-role-client-delegate-perm-self-communication-send,role-client-delegate,perm-self-communication-send,PERMISSION_TYPE_ALLOW,true
rp-role-client-delegate-perm-self-delegate-switch-client,role-client-delegate,perm-self-delegate-switch-client,PERMISSION_TYPE_ALLOW,true
rp-role-supplier-delegate-perm-self-supplier-read-own,role-supplier-delegate,perm-self-supplier-read-own,PERMISSION_TYPE_ALLOW,true
rp-role-supplier-delegate-perm-self-supplier-contract-list-own,role-supplier-delegate,perm-self-supplier-contract-list-own,PERMISSION_TYPE_ALLOW,true
rp-role-supplier-delegate-perm-self-supplier-invoice-list-own,role-supplier-delegate,perm-self-supplier-invoice-list-own,PERMISSION_TYPE_ALLOW,true
rp-role-supplier-delegate-perm-self-supplier-invoice-upload,role-supplier-delegate,perm-self-supplier-invoice-upload,PERMISSION_TYPE_ALLOW,true
rp-role-supplier-delegate-perm-self-expenditure-list-own,role-supplier-delegate,perm-self-expenditure-list-own,PERMISSION_TYPE_ALLOW,true
rp-role-supplier-delegate-perm-self-communication-send,role-supplier-delegate,perm-self-communication-send,PERMISSION_TYPE_ALLOW,true
rp-role-supplier-delegate-perm-self-delegate-switch-supplier,role-supplier-delegate,perm-self-delegate-switch-supplier,PERMISSION_TYPE_ALLOW,true
rp-role-admin-perm-fund-list,role-admin,perm-fund-list,PERMISSION_TYPE_ALLOW,true
rp-role-admin-perm-fund-read,role-admin,perm-fund-read,PERMISSION_TYPE_ALLOW,true
rp-role-admin-perm-fund-create,role-admin,perm-fund-create,PERMISSION_TYPE_ALLOW,true
rp-role-admin-perm-fund-update,role-admin,perm-fund-update,PERMISSION_TYPE_ALLOW,true
rp-role-admin-perm-fund-delete,role-admin,perm-fund-delete,PERMISSION_TYPE_ALLOW,true
rp-role-admin-perm-fund-allocation-list,role-admin,perm-fund-allocation-list,PERMISSION_TYPE_ALLOW,true
rp-role-admin-perm-fund-allocation-read,role-admin,perm-fund-allocation-read,PERMISSION_TYPE_ALLOW,true
rp-role-admin-perm-fund-allocation-create,role-admin,perm-fund-allocation-create,PERMISSION_TYPE_ALLOW,true
rp-role-admin-perm-fund-allocation-update,role-admin,perm-fund-allocation-update,PERMISSION_TYPE_ALLOW,true
rp-role-admin-perm-fund-allocation-delete,role-admin,perm-fund-allocation-delete,PERMISSION_TYPE_ALLOW,true
rp-role-admin-perm-fund-transaction-list,role-admin,perm-fund-transaction-list,PERMISSION_TYPE_ALLOW,true
rp-role-admin-perm-fund-transaction-read,role-admin,perm-fund-transaction-read,PERMISSION_TYPE_ALLOW,true
rp-role-admin-perm-fund-transaction-create-draw,role-admin,perm-fund-transaction-create-draw,PERMISSION_TYPE_ALLOW,true
rp-role-admin-perm-fund-transaction-create-settlement,role-admin,perm-fund-transaction-create-settlement,PERMISSION_TYPE_ALLOW,true
rp-role-admin-perm-fund-transaction-create-cash-in,role-admin,perm-fund-transaction-create-cash-in,PERMISSION_TYPE_ALLOW,true
rp-role-admin-perm-fund-transaction-create-cash-out,role-admin,perm-fund-transaction-create-cash-out,PERMISSION_TYPE_ALLOW,true
rp-role-admin-perm-fund-transaction-void,role-admin,perm-fund-transaction-void,PERMISSION_TYPE_ALLOW,true
